fecha,restaurante_id,menu_id,platos_servidos,raciones_primer_plato,raciones_segundo_plato,raciones_postre,temperatura,lluvia,dia_semana,dia_semana_num,es_festivo,temporada
2025-09-01,1,1,52,23,52,30,26.0,False,Lunes,0,False,otoño
2025-09-01,2,129,22,11,22,17,25.1,False,Lunes,0,False,otoño
2025-09-01,3,257,22,9,22,13,22.1,False,Lunes,0,False,otoño
2025-09-01,4,385,66,33,66,38,13.5,False,Lunes,0,False,otoño
2025-09-01,5,513,37,16,37,22,20.4,False,Lunes,0,False,otoño
2025-09-01,6,641,30,15,30,17,34.2,True,Lunes,0,False,otoño
2025-09-01,7,769,31,13,31,17,21.6,False,Lunes,0,False,otoño
2025-09-01,8,897,26,11,26,18,21.9,False,Lunes,0,False,otoño
2025-09-01,9,1025,40,20,40,31,24.8,False,Lunes,0,False,otoño
2025-09-01,10,1153,25,11,25,14,24.9,False,Lunes,0,False,otoño
2025-09-02,1,2,50,22,50,37,23.5,False,Martes,1,False,otoño
2025-09-02,2,130,23,10,23,17,18.6,False,Martes,1,False,otoño
2025-09-02,3,258,28,19,28,20,21.3,True,Martes,1,False,otoño
2025-09-02,4,386,50,25,50,28,27.6,True,Martes,1,False,otoño
2025-09-02,5,514,31,15,31,19,25.3,False,Martes,1,False,otoño
2025-09-02,6,642,35,17,35,23,28.7,False,Martes,1,False,otoño
2025-09-02,7,770,30,15,30,22,25.4,False,Martes,1,False,otoño
2025-09-02,8,898,21,10,21,12,37.5,False,Martes,1,False,otoño
2025-09-02,9,1026,57,28,57,44,24.3,False,Martes,1,False,otoño
2025-09-02,10,1154,23,11,23,13,21.9,False,Martes,1,False,otoño
2025-09-03,1,3,61,27,61,43,20.8,False,Miércoles,2,False,otoño
2025-09-03,2,131,35,17,35,23,25.0,False,Miércoles,2,False,otoño
2025-09-03,3,259,23,10,23,17,21.2,False,Miércoles,2,False,otoño
2025-09-03,4,387,50,25,50,31,13.4,False,Miércoles,2,False,otoño
2025-09-03,5,515,43,21,43,27,23.4,False,Miércoles,2,False,otoño
2025-09-03,6,643,26,13,26,14,23.9,False,Miércoles,2,False,otoño
2025-09-03,7,771,32,16,32,24,24.2,True,Miércoles,2,False,otoño
2025-09-03,8,899,36,18,36,21,21.7,False,Miércoles,2,False,otoño
2025-09-03,9,1027,61,30,61,39,28.6,False,Miércoles,2,False,otoño
2025-09-03,10,1155,24,12,24,18,29.6,False,Miércoles,2,False,otoño
2025-09-04,1,4,48,24,48,34,20.0,True,Jueves,3,False,otoño
2025-09-04,2,132,29,14,29,17,24.0,False,Jueves,3,False,otoño
2025-09-04,3,260,22,11,22,13,20.3,False,Jueves,3,False,otoño
2025-09-04,4,388,68,30,68,46,22.6,False,Jueves,3,False,otoño
2025-09-04,5,516,39,19,39,30,17.6,True,Jueves,3,False,otoño
2025-09-04,6,644,40,20,40,30,18.2,False,Jueves,3,False,otoño
2025-09-04,7,772,26,13,26,15,25.0,False,Jueves,3,False,otoño
2025-09-04,8,900,23,16,23,16,24.9,True,Jueves,3,False,otoño
2025-09-04,9,1028,45,22,45,32,31.5,False,Jueves,3,False,otoño
2025-09-04,10,1156,27,13,27,20,21.0,False,Jueves,3,False,otoño
2025-09-05,1,5,36,18,36,22,27.3,True,Viernes,4,False,otoño
2025-09-05,2,133,21,9,21,14,27.5,False,Viernes,4,False,otoño
2025-09-05,3,261,24,12,24,14,22.9,False,Viernes,4,False,otoño
2025-09-05,4,389,52,26,52,41,24.2,False,Viernes,4,False,otoño
2025-09-05,5,517,32,16,32,21,23.1,True,Viernes,4,False,otoño
2025-09-05,6,645,31,13,31,19,22.2,False,Viernes,4,False,otoño
2025-09-05,7,773,24,12,24,16,24.9,False,Viernes,4,False,otoño
2025-09-05,8,901,17,8,17,11,24.9,False,Viernes,4,False,otoño
2025-09-05,9,1029,44,19,44,28,25.4,False,Viernes,4,False,otoño
2025-09-05,10,1157,22,11,22,17,27.6,False,Viernes,4,False,otoño
2025-09-08,1,6,70,31,70,50,26.1,False,Lunes,0,False,otoño
2025-09-08,2,134,27,13,27,15,24.9,False,Lunes,0,False,otoño
2025-09-08,3,262,25,11,25,15,22.1,False,Lunes,0,False,otoño
2025-09-08,4,390,60,30,60,38,22.3,True,Lunes,0,False,otoño
2025-09-08,5,518,30,13,30,21,24.3,False,Lunes,0,False,otoño
2025-09-08,6,646,39,19,39,30,33.6,False,Lunes,0,False,otoño
2025-09-08,7,774,29,13,29,19,15.9,False,Lunes,0,False,otoño
2025-09-08,8,902,28,12,28,17,20.9,False,Lunes,0,False,otoño
2025-09-08,9,1030,47,23,47,37,31.1,False,Lunes,0,False,otoño
2025-09-08,10,1158,29,13,29,17,25.5,False,Lunes,0,False,otoño
2025-09-09,1,7,37,25,37,20,29.1,True,Martes,1,False,otoño
2025-09-09,2,135,31,21,31,20,23.1,True,Martes,1,False,otoño
2025-09-09,3,263,24,10,24,17,23.0,False,Martes,1,False,otoño
2025-09-09,4,391,59,29,59,45,23.5,False,Martes,1,False,otoño
2025-09-09,5,519,39,19,39,21,20.1,True,Martes,1,False,otoño
2025-09-09,6,647,31,15,31,22,26.6,False,Martes,1,False,otoño
2025-09-09,7,775,25,12,25,19,32.5,False,Martes,1,False,otoño
2025-09-09,8,903,37,18,37,20,22.1,False,Martes,1,False,otoño
2025-09-09,9,1031,61,30,61,43,21.6,True,Martes,1,False,otoño
2025-09-09,10,1159,26,13,26,15,25.4,False,Martes,1,False,otoño
2025-09-10,1,8,51,22,51,32,27.0,False,Miércoles,2,False,otoño
2025-09-10,2,136,37,18,37,24,21.3,False,Miércoles,2,False,otoño
2025-09-10,3,264,26,18,26,17,27.3,True,Miércoles,2,False,otoño
2025-09-10,4,392,60,30,60,33,21.9,False,Miércoles,2,False,otoño
2025-09-10,5,520,36,18,36,25,25.3,False,Miércoles,2,False,otoño
2025-09-10,6,648,35,17,35,25,16.8,False,Miércoles,2,False,otoño
2025-09-10,7,776,28,14,28,15,26.5,True,Miércoles,2,False,otoño
2025-09-10,8,904,32,16,32,18,15.6,False,Miércoles,2,False,otoño
2025-09-10,9,1032,41,20,41,23,25.7,False,Miércoles,2,False,otoño
2025-09-10,10,1160,32,16,32,18,22.3,False,Miércoles,2,False,otoño
2025-09-11,1,9,57,28,57,45,18.2,False,Jueves,3,False,otoño
2025-09-11,2,137,31,15,31,21,21.3,True,Jueves,3,False,otoño
2025-09-11,3,265,19,9,19,10,27.4,True,Jueves,3,False,otoño
2025-09-11,4,393,42,29,42,29,21.3,True,Jueves,3,False,otoño
2025-09-11,5,521,36,18,36,22,26.1,False,Jueves,3,False,otoño
2025-09-11,6,649,26,13,26,20,22.6,False,Jueves,3,False,otoño
2025-09-11,7,777,29,14,29,22,24.9,True,Jueves,3,False,otoño
2025-09-11,8,905,27,12,27,19,33.1,False,Jueves,3,False,otoño
2025-09-11,9,1033,41,20,41,32,27.5,True,Jueves,3,False,otoño
2025-09-11,10,1161,27,13,27,16,23.6,False,Jueves,3,False,otoño
2025-09-12,1,10,31,15,31,24,15.5,False,Viernes,4,False,otoño
2025-09-12,2,138,23,10,23,13,16.3,False,Viernes,4,False,otoño
2025-09-12,3,266,24,12,24,13,18.7,False,Viernes,4,False,otoño
2025-09-12,4,394,52,26,52,30,23.7,False,Viernes,4,False,otoño
2025-09-12,5,522,36,18,36,27,17.1,False,Viernes,4,False,otoño
2025-09-12,6,650,18,8,18,13,14.2,False,Viernes,4,False,otoño
2025-09-12,7,778,29,14,29,22,24.0,False,Viernes,4,False,otoño
2025-09-12,8,906,21,10,21,14,22.7,True,Viernes,4,False,otoño
2025-09-12,9,1034,32,14,32,18,26.8,False,Viernes,4,False,otoño
2025-09-12,10,1162,25,12,25,19,25.0,False,Viernes,4,False,otoño
2025-09-15,1,11,54,24,54,31,32.2,False,Lunes,0,False,otoño
2025-09-15,2,139,23,11,23,12,30.0,False,Lunes,0,False,otoño
2025-09-15,3,267,19,8,19,14,28.2,False,Lunes,0,False,otoño
2025-09-15,4,395,46,23,46,32,24.8,False,Lunes,0,False,otoño
2025-09-15,5,523,45,20,45,30,17.2,False,Lunes,0,False,otoño
2025-09-15,6,651,22,11,22,12,28.5,False,Lunes,0,False,otoño
2025-09-15,7,779,25,11,25,19,25.5,False,Lunes,0,False,otoño
2025-09-15,8,907,23,10,23,12,32.2,False,Lunes,0,False,otoño
2025-09-15,9,1035,42,21,42,24,21.9,False,Lunes,0,False,otoño
2025-09-15,10,1163,28,12,28,20,18.3,False,Lunes,0,False,otoño
2025-09-16,1,12,69,31,69,39,21.2,False,Martes,1,False,otoño
2025-09-16,2,140,22,9,22,13,27.4,False,Martes,1,False,otoño
2025-09-16,3,268,19,8,19,12,22.9,False,Martes,1,False,otoño
2025-09-16,4,396,52,26,52,35,27.4,False,Martes,1,False,otoño
2025-09-16,5,524,32,16,32,19,23.5,False,Martes,1,False,otoño
2025-09-16,6,652,30,15,30,18,23.3,False,Martes,1,False,otoño
2025-09-16,7,780,33,16,33,18,30.7,False,Martes,1,False,otoño
2025-09-16,8,908,30,15,30,17,33.5,False,Martes,1,False,otoño
2025-09-16,9,1036,54,27,54,34,20.5,False,Martes,1,False,otoño
2025-09-16,10,1164,25,12,25,14,24.1,False,Martes,1,False,otoño
2025-09-17,1,13,48,21,48,28,21.4,False,Miércoles,2,False,otoño
2025-09-17,2,141,25,12,25,16,14.0,False,Miércoles,2,False,otoño
2025-09-17,3,269,28,12,28,21,21.7,False,Miércoles,2,False,otoño
2025-09-17,4,397,69,34,69,41,32.2,False,Miércoles,2,False,otoño
2025-09-17,5,525,29,14,29,16,20.9,False,Miércoles,2,False,otoño
2025-09-17,6,653,30,15,30,20,17.9,False,Miércoles,2,False,otoño
2025-09-17,7,781,27,13,27,15,21.4,False,Miércoles,2,False,otoño
2025-09-17,8,909,36,18,36,25,21.6,False,Miércoles,2,False,otoño
2025-09-17,9,1037,63,31,63,47,14.1,False,Miércoles,2,False,otoño
2025-09-17,10,1165,23,11,23,16,24.7,False,Miércoles,2,False,otoño
2025-09-18,1,14,51,25,51,30,28.7,True,Jueves,3,False,otoño
2025-09-18,2,142,29,14,29,19,22.7,False,Jueves,3,False,otoño
2025-09-18,3,270,24,12,24,15,27.5,False,Jueves,3,False,otoño
2025-09-18,4,398,52,23,52,35,21.3,False,Jueves,3,False,otoño
2025-09-18,5,526,34,17,34,26,25.3,False,Jueves,3,False,otoño
2025-09-18,6,654,35,17,35,22,20.5,False,Jueves,3,False,otoño
2025-09-18,7,782,28,14,28,21,25.4,False,Jueves,3,False,otoño
2025-09-18,8,910,26,11,26,19,22.1,False,Jueves,3,False,otoño
2025-09-18,9,1038,61,30,61,38,24.3,False,Jueves,3,False,otoño
2025-09-18,10,1166,19,9,19,13,29.1,True,Jueves,3,False,otoño
2025-09-19,1,15,42,21,42,25,27.5,False,Viernes,4,False,otoño
2025-09-19,2,143,21,9,21,13,19.8,False,Viernes,4,False,otoño
2025-09-19,3,271,17,8,17,11,26.6,False,Viernes,4,False,otoño
2025-09-19,4,399,52,26,52,35,23.2,False,Viernes,4,False,otoño
2025-09-19,5,527,22,11,22,15,25.9,False,Viernes,4,False,otoño
2025-09-19,6,655,34,15,34,26,18.6,False,Viernes,4,False,otoño
2025-09-19,7,783,28,14,28,16,20.0,False,Viernes,4,False,otoño
2025-09-19,8,911,17,8,17,10,34.2,False,Viernes,4,False,otoño
2025-09-19,9,1039,43,19,43,27,20.0,False,Viernes,4,False,otoño
2025-09-19,10,1167,16,8,16,10,29.1,False,Viernes,4,False,otoño
2025-09-22,1,16,51,22,51,39,23.0,False,Lunes,0,False,otoño
2025-09-22,2,144,17,8,17,12,28.3,False,Lunes,0,False,otoño
2025-09-22,3,272,24,16,24,16,22.9,True,Lunes,0,False,otoño
2025-09-22,4,400,51,25,51,39,21.3,False,Lunes,0,False,otoño
2025-09-22,5,528,32,22,32,22,21.7,True,Lunes,0,False,otoño
2025-09-22,6,656,23,11,23,15,29.6,False,Lunes,0,False,otoño
2025-09-22,7,784,38,17,38,24,22.6,False,Lunes,0,False,otoño
2025-09-22,8,912,19,8,19,11,27.3,False,Lunes,0,False,otoño
2025-09-22,9,1040,44,22,44,26,27.7,True,Lunes,0,False,otoño
2025-09-22,10,1168,30,13,30,18,24.4,False,Lunes,0,False,otoño
2025-09-23,1,17,64,28,64,48,23.0,False,Martes,1,False,otoño
2025-09-23,2,145,23,10,23,17,30.6,False,Martes,1,False,otoño
2025-09-23,3,273,25,11,25,18,25.3,False,Martes,1,False,otoño
2025-09-23,4,401,59,29,59,36,19.0,False,Martes,1,False,otoño
2025-09-23,5,529,44,22,44,27,18.9,False,Martes,1,False,otoño
2025-09-23,6,657,31,15,31,17,27.9,False,Martes,1,False,otoño
2025-09-23,7,785,24,12,24,14,25.2,False,Martes,1,False,otoño
2025-09-23,8,913,24,12,24,18,18.8,False,Martes,1,False,otoño
2025-09-23,9,1041,55,27,55,39,24.8,False,Martes,1,False,otoño
2025-09-23,10,1169,23,11,23,17,22.1,True,Martes,1,False,otoño
2025-09-24,1,18,64,28,64,38,25.0,False,Miércoles,2,False,otoño
2025-09-24,2,146,31,15,31,17,23.4,False,Miércoles,2,False,otoño
2025-09-24,3,274,20,14,20,12,26.1,True,Miércoles,2,False,otoño
2025-09-24,4,402,61,30,61,38,17.9,False,Miércoles,2,False,otoño
2025-09-24,5,530,56,28,56,41,20.2,False,Miércoles,2,False,otoño
2025-09-24,6,658,25,12,25,17,26.4,True,Miércoles,2,False,otoño
2025-09-24,7,786,21,10,21,15,28.6,True,Miércoles,2,False,otoño
2025-09-24,8,914,24,12,24,18,31.9,False,Miércoles,2,False,otoño
2025-09-24,9,1042,59,29,59,37,26.5,False,Miércoles,2,False,otoño
2025-09-24,10,1170,33,16,33,24,18.7,False,Miércoles,2,False,otoño
2025-09-25,1,19,62,31,62,37,26.2,False,Jueves,3,False,otoño
2025-09-25,2,147,33,16,33,18,17.9,False,Jueves,3,False,otoño
2025-09-25,3,275,23,11,23,17,25.7,False,Jueves,3,False,otoño
2025-09-25,4,403,62,27,62,41,25.8,False,Jueves,3,False,otoño
2025-09-25,5,531,42,21,42,23,24.1,False,Jueves,3,False,otoño
2025-09-25,6,659,25,12,25,18,18.4,True,Jueves,3,False,otoño
2025-09-25,7,787,22,11,22,15,29.0,True,Jueves,3,False,otoño
2025-09-25,8,915,37,16,37,26,21.4,False,Jueves,3,False,otoño
2025-09-25,9,1043,67,33,67,53,24.3,False,Jueves,3,False,otoño
2025-09-25,10,1171,24,12,24,16,28.9,False,Jueves,3,False,otoño
2025-09-26,1,20,50,25,50,30,22.2,False,Viernes,4,False,otoño
2025-09-26,2,148,18,8,18,10,22.8,False,Viernes,4,False,otoño
2025-09-26,3,276,20,10,20,12,23.9,False,Viernes,4,False,otoño
2025-09-26,4,404,49,24,49,32,23.3,False,Viernes,4,False,otoño
2025-09-26,5,532,25,12,25,19,19.5,False,Viernes,4,False,otoño
2025-09-26,6,660,23,10,23,13,28.7,False,Viernes,4,False,otoño
2025-09-26,7,788,21,10,21,11,21.5,False,Viernes,4,False,otoño
2025-09-26,8,916,22,11,22,12,22.5,False,Viernes,4,False,otoño
2025-09-26,9,1044,44,19,44,30,21.8,False,Viernes,4,False,otoño
2025-09-26,10,1172,19,9,19,11,20.6,False,Viernes,4,False,otoño
2025-09-29,1,21,52,23,52,29,25.1,False,Lunes,0,False,otoño
2025-09-29,2,149,28,14,28,18,17.0,False,Lunes,0,False,otoño
2025-09-29,3,277,25,11,25,16,21.9,False,Lunes,0,False,otoño
2025-09-29,4,405,59,29,59,40,28.8,False,Lunes,0,False,otoño
2025-09-29,5,533,36,16,36,27,26.3,False,Lunes,0,False,otoño
2025-09-29,6,661,35,17,35,25,25.6,False,Lunes,0,False,otoño
2025-09-29,7,789,37,16,37,28,29.5,False,Lunes,0,False,otoño
2025-09-29,8,917,23,10,23,17,22.5,False,Lunes,0,False,otoño
2025-09-29,9,1045,50,25,50,35,24.1,True,Lunes,0,False,otoño
2025-09-29,10,1173,30,13,30,20,24.1,False,Lunes,0,False,otoño
2025-09-30,1,22,59,26,59,46,22.8,False,Martes,1,False,otoño
2025-09-30,2,150,20,9,20,15,28.8,False,Martes,1,False,otoño
2025-09-30,3,278,28,12,28,15,22.2,False,Martes,1,False,otoño
2025-09-30,4,406,52,26,52,39,16.8,False,Martes,1,False,otoño
2025-09-30,5,534,32,16,32,17,21.8,False,Martes,1,False,otoño
2025-09-30,6,662,32,16,32,21,23.5,False,Martes,1,False,otoño
2025-09-30,7,790,32,16,32,23,18.2,False,Martes,1,False,otoño
2025-09-30,8,918,38,19,38,22,28.5,False,Martes,1,False,otoño
2025-09-30,9,1046,57,28,57,37,26.6,False,Martes,1,False,otoño
2025-09-30,10,1174,23,11,23,12,27.6,False,Martes,1,False,otoño
2025-10-01,1,23,61,27,61,48,13.0,False,Miércoles,2,False,otoño
2025-10-01,2,151,32,16,32,24,19.1,False,Miércoles,2,False,otoño
2025-10-01,3,279,19,13,19,14,20.6,True,Miércoles,2,False,otoño
2025-10-01,4,407,51,25,51,29,23.0,False,Miércoles,2,False,otoño
2025-10-01,5,535,39,19,39,22,15.3,True,Miércoles,2,False,otoño
2025-10-01,6,663,32,16,32,21,11.6,False,Miércoles,2,False,otoño
2025-10-01,7,791,24,12,24,17,16.2,False,Miércoles,2,False,otoño
2025-10-01,8,919,28,14,28,16,19.5,True,Miércoles,2,False,otoño
2025-10-01,9,1047,56,28,56,38,18.0,False,Miércoles,2,False,otoño
2025-10-01,10,1175,23,11,23,13,14.5,False,Miércoles,2,False,otoño
2025-10-02,1,24,56,28,56,42,14.0,False,Jueves,3,False,otoño
2025-10-02,2,152,25,12,25,18,16.0,True,Jueves,3,False,otoño
2025-10-02,3,280,26,13,26,18,18.2,False,Jueves,3,False,otoño
2025-10-02,4,408,50,22,50,38,15.7,False,Jueves,3,False,otoño
2025-10-02,5,536,40,20,40,27,23.3,False,Jueves,3,False,otoño
2025-10-02,6,664,26,13,26,15,16.5,True,Jueves,3,False,otoño
2025-10-02,7,792,30,15,30,17,16.7,False,Jueves,3,False,otoño
2025-10-02,8,920,32,14,32,23,20.5,False,Jueves,3,False,otoño
2025-10-02,9,1048,54,27,54,30,18.2,True,Jueves,3,False,otoño
2025-10-02,10,1176,31,15,31,20,22.4,False,Jueves,3,False,otoño
2025-10-03,1,25,28,14,28,21,13.1,False,Viernes,4,False,otoño
2025-10-03,2,153,24,16,24,18,11.8,False,Viernes,4,False,otoño
2025-10-03,3,281,20,10,20,15,17.3,False,Viernes,4,False,otoño
2025-10-03,4,409,43,21,43,25,20.1,False,Viernes,4,False,otoño
2025-10-03,5,537,23,11,23,18,20.0,True,Viernes,4,False,otoño
2025-10-03,6,665,21,9,21,16,19.3,False,Viernes,4,False,otoño
2025-10-03,7,793,19,9,19,11,21.1,False,Viernes,4,False,otoño
2025-10-03,8,921,23,11,23,14,19.5,False,Viernes,4,False,otoño
2025-10-03,9,1049,42,18,42,25,16.1,False,Viernes,4,False,otoño
2025-10-03,10,1177,23,11,23,14,9.6,False,Viernes,4,False,otoño
2025-10-06,1,26,44,30,44,24,24.0,True,Lunes,0,False,otoño
2025-10-06,2,154,36,18,36,27,21.4,False,Lunes,0,False,otoño
2025-10-06,3,282,18,12,18,11,22.1,True,Lunes,0,False,otoño
2025-10-06,4,410,43,21,43,24,18.2,False,Lunes,0,False,otoño
2025-10-06,5,538,37,16,37,20,20.9,False,Lunes,0,False,otoño
2025-10-06,6,666,34,17,34,23,18.6,False,Lunes,0,False,otoño
2025-10-06,7,794,21,14,21,13,26.4,True,Lunes,0,False,otoño
2025-10-06,8,922,38,17,38,21,14.2,False,Lunes,0,False,otoño
2025-10-06,9,1050,55,27,55,39,15.5,False,Lunes,0,False,otoño
2025-10-06,10,1178,39,17,39,27,17.9,False,Lunes,0,False,otoño
2025-10-07,1,27,60,42,60,38,22.4,True,Martes,1,False,otoño
2025-10-07,2,155,37,16,37,20,14.9,False,Martes,1,False,otoño
2025-10-07,3,283,30,13,30,20,17.7,False,Martes,1,False,otoño
2025-10-07,4,411,58,29,58,41,20.3,False,Martes,1,False,otoño
2025-10-07,5,539,40,20,40,30,20.4,False,Martes,1,False,otoño
2025-10-07,6,667,27,13,27,17,18.5,True,Martes,1,False,otoño
2025-10-07,7,795,31,15,31,18,24.4,False,Martes,1,False,otoño
2025-10-07,8,923,28,14,28,20,12.8,True,Martes,1,False,otoño
2025-10-07,9,1051,80,40,80,54,15.2,False,Martes,1,False,otoño
2025-10-07,10,1179,28,14,28,18,16.2,False,Martes,1,False,otoño
2025-10-08,1,28,74,33,74,55,22.1,False,Miércoles,2,False,otoño
2025-10-08,2,156,24,12,24,18,17.0,False,Miércoles,2,False,otoño
2025-10-08,3,284,21,9,21,13,15.0,False,Miércoles,2,False,otoño
2025-10-08,4,412,51,25,51,35,21.9,False,Miércoles,2,False,otoño
2025-10-08,5,540,34,17,34,20,14.0,False,Miércoles,2,False,otoño
2025-10-08,6,668,39,19,39,22,14.1,False,Miércoles,2,False,otoño
2025-10-08,7,796,34,17,34,25,11.6,False,Miércoles,2,False,otoño
2025-10-08,8,924,37,18,37,25,15.7,False,Miércoles,2,False,otoño
2025-10-08,9,1052,44,22,44,30,18.2,True,Miércoles,2,False,otoño
2025-10-08,10,1180,26,13,26,15,22.6,False,Miércoles,2,False,otoño
2025-10-09,1,29,55,27,55,39,15.1,False,Jueves,3,False,otoño
2025-10-09,2,157,27,13,27,15,19.0,False,Jueves,3,False,otoño
2025-10-09,3,285,18,9,18,10,20.5,True,Jueves,3,False,otoño
2025-10-09,4,413,56,25,56,36,22.9,False,Jueves,3,False,otoño
2025-10-09,5,541,37,18,37,26,17.6,False,Jueves,3,False,otoño
2025-10-09,6,669,30,15,30,23,12.3,False,Jueves,3,False,otoño
2025-10-09,7,797,29,14,29,16,20.3,False,Jueves,3,False,otoño
2025-10-09,8,925,22,9,22,14,13.6,False,Jueves,3,False,otoño
2025-10-09,9,1053,51,25,51,34,18.9,False,Jueves,3,False,otoño
2025-10-09,10,1181,31,15,31,22,13.3,False,Jueves,3,False,otoño
2025-10-10,1,30,34,17,34,23,24.7,False,Viernes,4,False,otoño
2025-10-10,2,158,18,8,18,11,14.0,False,Viernes,4,False,otoño
2025-10-10,3,286,23,11,23,17,15.1,False,Viernes,4,False,otoño
2025-10-10,4,414,42,21,42,32,15.9,True,Viernes,4,False,otoño
2025-10-10,5,542,30,15,30,17,22.9,False,Viernes,4,False,otoño
2025-10-10,6,670,29,13,29,21,15.9,False,Viernes,4,False,otoño
2025-10-10,7,798,23,11,23,15,14.9,True,Viernes,4,False,otoño
2025-10-10,8,926,20,10,20,13,14.6,False,Viernes,4,False,otoño
2025-10-10,9,1054,52,23,52,31,18.0,False,Viernes,4,False,otoño
2025-10-10,10,1182,27,13,27,20,16.2,False,Viernes,4,False,otoño
2025-10-13,1,31,50,35,50,29,15.3,True,Lunes,0,False,otoño
2025-10-13,2,159,33,16,33,24,13.9,False,Lunes,0,False,otoño
2025-10-13,3,287,29,13,29,17,17.9,False,Lunes,0,False,otoño
2025-10-13,4,415,54,27,54,30,7.9,True,Lunes,0,False,otoño
2025-10-13,5,543,38,17,38,23,18.2,False,Lunes,0,False,otoño
2025-10-13,6,671,36,18,36,21,6.4,True,Lunes,0,False,otoño
2025-10-13,7,799,25,17,25,18,24.1,True,Lunes,0,False,otoño
2025-10-13,8,927,23,10,23,16,15.2,False,Lunes,0,False,otoño
2025-10-13,9,1055,43,21,43,29,15.5,False,Lunes,0,False,otoño
2025-10-13,10,1183,31,21,31,20,11.9,False,Lunes,0,False,otoño
2025-10-14,1,32,54,24,54,40,12.5,False,Martes,1,False,otoño
2025-10-14,2,160,27,18,27,18,21.5,True,Martes,1,False,otoño
2025-10-14,3,288,23,10,23,12,15.8,False,Martes,1,False,otoño
2025-10-14,4,416,59,29,59,44,14.0,False,Martes,1,False,otoño
2025-10-14,5,544,30,15,30,22,17.9,True,Martes,1,False,otoño
2025-10-14,6,672,36,18,36,26,8.8,False,Martes,1,False,otoño
2025-10-14,7,800,36,18,36,22,15.3,False,Martes,1,False,otoño
2025-10-14,8,928,36,18,36,27,17.6,False,Martes,1,False,otoño
2025-10-14,9,1056,60,30,60,35,23.2,True,Martes,1,False,otoño
2025-10-14,10,1184,27,13,27,15,18.4,False,Martes,1,False,otoño
2025-10-15,1,33,39,27,39,30,16.5,True,Miércoles,2,False,otoño
2025-10-15,2,161,30,15,30,22,14.8,False,Miércoles,2,False,otoño
2025-10-15,3,289,19,13,19,13,13.8,True,Miércoles,2,False,otoño
2025-10-15,4,417,46,23,46,36,14.9,True,Miércoles,2,False,otoño
2025-10-15,5,545,34,17,34,20,22.0,False,Miércoles,2,False,otoño
2025-10-15,6,673,34,17,34,23,19.1,False,Miércoles,2,False,otoño
2025-10-15,7,801,37,18,37,25,15.4,False,Miércoles,2,False,otoño
2025-10-15,8,929,26,13,26,16,21.0,False,Miércoles,2,False,otoño
2025-10-15,9,1057,50,25,50,39,13.8,False,Miércoles,2,False,otoño
2025-10-15,10,1185,30,15,30,21,16.1,True,Miércoles,2,False,otoño
2025-10-16,1,34,59,29,59,46,21.4,False,Jueves,3,False,otoño
2025-10-16,2,162,30,15,30,21,21.4,False,Jueves,3,False,otoño
2025-10-16,3,290,24,12,24,19,20.7,True,Jueves,3,False,otoño
2025-10-16,4,418,65,29,65,39,17.6,False,Jueves,3,False,otoño
2025-10-16,5,546,37,18,37,25,23.0,False,Jueves,3,False,otoño
2025-10-16,6,674,36,18,36,27,10.4,False,Jueves,3,False,otoño
2025-10-16,7,802,29,14,29,16,23.2,True,Jueves,3,False,otoño
2025-10-16,8,930,22,9,22,14,21.3,False,Jueves,3,False,otoño
2025-10-16,9,1058,63,31,63,44,15.7,False,Jueves,3,False,otoño
2025-10-16,10,1186,26,13,26,14,15.9,False,Jueves,3,False,otoño
2025-10-17,1,35,40,20,40,25,14.9,False,Viernes,4,False,otoño
2025-10-17,2,163,24,10,24,15,16.2,False,Viernes,4,False,otoño
2025-10-17,3,291,18,9,18,11,24.9,False,Viernes,4,False,otoño
2025-10-17,4,419,39,19,39,24,24.7,True,Viernes,4,False,otoño
2025-10-17,5,547,27,13,27,18,15.8,False,Viernes,4,False,otoño
2025-10-17,6,675,29,13,29,21,25.4,False,Viernes,4,False,otoño
2025-10-17,7,803,18,9,18,10,21.1,False,Viernes,4,False,otoño
2025-10-17,8,931,24,12,24,16,22.5,False,Viernes,4,False,otoño
2025-10-17,9,1059,40,18,40,22,13.4,False,Viernes,4,False,otoño
2025-10-17,10,1187,23,11,23,18,19.9,False,Viernes,4,False,otoño
2025-10-20,1,36,71,31,71,41,13.9,False,Lunes,0,False,otoño
2025-10-20,2,164,28,14,28,19,22.6,False,Lunes,0,False,otoño
2025-10-20,3,292,17,7,17,9,16.0,False,Lunes,0,False,otoño
2025-10-20,4,420,56,28,56,43,15.9,False,Lunes,0,False,otoño
2025-10-20,5,548,38,17,38,22,16.1,False,Lunes,0,False,otoño
2025-10-20,6,676,31,15,31,17,17.2,False,Lunes,0,False,otoño
2025-10-20,7,804,41,18,41,30,17.9,False,Lunes,0,False,otoño
2025-10-20,8,932,27,18,27,19,19.4,True,Lunes,0,False,otoño
2025-10-20,9,1060,48,24,48,37,17.6,False,Lunes,0,False,otoño
2025-10-20,10,1188,26,11,26,19,14.6,False,Lunes,0,False,otoño
2025-10-21,1,37,39,27,39,30,17.9,True,Martes,1,False,otoño
2025-10-21,2,165,25,11,25,19,18.4,False,Martes,1,False,otoño
2025-10-21,3,293,21,9,21,13,18.3,False,Martes,1,False,otoño
2025-10-21,4,421,50,25,50,35,21.5,False,Martes,1,False,otoño
2025-10-21,5,549,43,21,43,30,19.2,False,Martes,1,False,otoño
2025-10-21,6,677,27,13,27,16,14.8,True,Martes,1,False,otoño
2025-10-21,7,805,31,15,31,23,18.8,False,Martes,1,False,otoño
2025-10-21,8,933,32,16,32,18,16.8,False,Martes,1,False,otoño
2025-10-21,9,1061,48,24,48,36,13.7,True,Martes,1,False,otoño
2025-10-21,10,1189,37,18,37,25,16.2,False,Martes,1,False,otoño
2025-10-22,1,38,51,22,51,28,18.1,False,Miércoles,2,False,otoño
2025-10-22,2,166,26,13,26,16,15.5,False,Miércoles,2,False,otoño
2025-10-22,3,294,30,21,30,23,18.5,True,Miércoles,2,False,otoño
2025-10-22,4,422,75,37,75,55,16.6,False,Miércoles,2,False,otoño
2025-10-22,5,550,38,19,38,21,21.5,False,Miércoles,2,False,otoño
2025-10-22,6,678,40,20,40,31,22.2,False,Miércoles,2,False,otoño
2025-10-22,7,806,33,16,33,22,18.5,False,Miércoles,2,False,otoño
2025-10-22,8,934,37,18,37,25,22.8,False,Miércoles,2,False,otoño
2025-10-22,9,1062,48,24,48,36,19.9,False,Miércoles,2,False,otoño
2025-10-22,10,1190,25,12,25,15,16.9,False,Miércoles,2,False,otoño
2025-10-23,1,39,58,29,58,33,14.2,False,Jueves,3,False,otoño
2025-10-23,2,167,34,17,34,22,18.8,False,Jueves,3,False,otoño
2025-10-23,3,295,24,12,24,14,13.8,False,Jueves,3,False,otoño
2025-10-23,4,423,61,27,61,47,18.1,False,Jueves,3,False,otoño
2025-10-23,5,551,37,18,37,27,18.8,True,Jueves,3,False,otoño
2025-10-23,6,679,30,15,30,22,25.2,False,Jueves,3,False,otoño
2025-10-23,7,807,38,19,38,24,9.5,False,Jueves,3,False,otoño
2025-10-23,8,935,22,9,22,13,20.2,False,Jueves,3,False,otoño
2025-10-23,9,1063,56,28,56,39,16.4,False,Jueves,3,False,otoño
2025-10-23,10,1191,30,15,30,23,11.9,False,Jueves,3,False,otoño
2025-10-24,1,40,38,19,38,27,14.4,False,Viernes,4,False,otoño
2025-10-24,2,168,20,9,20,14,16.4,False,Viernes,4,False,otoño
2025-10-24,3,296,18,9,18,10,18.5,False,Viernes,4,False,otoño
2025-10-24,4,424,45,22,45,33,22.1,False,Viernes,4,False,otoño
2025-10-24,5,552,36,18,36,25,20.5,False,Viernes,4,False,otoño
2025-10-24,6,680,25,11,25,19,14.1,False,Viernes,4,False,otoño
2025-10-24,7,808,23,11,23,15,9.3,False,Viernes,4,False,otoño
2025-10-24,8,936,21,10,21,16,17.1,False,Viernes,4,False,otoño
2025-10-24,9,1064,48,33,48,35,21.0,True,Viernes,4,False,otoño
2025-10-24,10,1192,24,12,24,13,21.6,False,Viernes,4,False,otoño
2025-10-27,1,41,49,34,49,27,19.5,True,Lunes,0,False,otoño
2025-10-27,2,169,25,12,25,15,10.5,False,Lunes,0,False,otoño
2025-10-27,3,297,24,10,24,13,21.8,False,Lunes,0,False,otoño
2025-10-27,4,425,51,25,51,40,20.9,True,Lunes,0,False,otoño
2025-10-27,5,553,42,29,42,29,18.3,True,Lunes,0,False,otoño
2025-10-27,6,681,41,20,41,28,19.1,False,Lunes,0,False,otoño
2025-10-27,7,809,36,25,36,26,7.2,False,Lunes,0,False,otoño
2025-10-27,8,937,32,14,32,22,21.5,False,Lunes,0,False,otoño
2025-10-27,9,1065,53,26,53,30,24.6,True,Lunes,0,False,otoño
2025-10-27,10,1193,28,12,28,19,17.0,False,Lunes,0,False,otoño
2025-10-28,1,42,52,23,52,31,18.2,False,Martes,1,False,otoño
2025-10-28,2,170,18,12,18,11,16.2,True,Martes,1,False,otoño
2025-10-28,3,298,23,10,23,13,12.4,False,Martes,1,False,otoño
2025-10-28,4,426,48,24,48,26,17.2,True,Martes,1,False,otoño
2025-10-28,5,554,38,19,38,25,16.8,False,Martes,1,False,otoño
2025-10-28,6,682,28,14,28,19,19.5,False,Martes,1,False,otoño
2025-10-28,7,810,37,18,37,24,16.7,False,Martes,1,False,otoño
2025-10-28,8,938,28,14,28,18,16.4,False,Martes,1,False,otoño
2025-10-28,9,1066,56,28,56,42,19.1,False,Martes,1,False,otoño
2025-10-28,10,1194,23,11,23,14,18.6,False,Martes,1,False,otoño
2025-10-29,1,43,50,35,50,36,9.4,True,Miércoles,2,False,otoño
2025-10-29,2,171,31,15,31,19,20.0,False,Miércoles,2,False,otoño
2025-10-29,3,299,29,13,29,20,17.6,False,Miércoles,2,False,otoño
2025-10-29,4,427,66,33,66,37,19.5,True,Miércoles,2,False,otoño
2025-10-29,5,555,33,16,33,20,13.4,True,Miércoles,2,False,otoño
2025-10-29,6,683,22,11,22,15,28.7,True,Miércoles,2,False,otoño
2025-10-29,7,811,35,17,35,25,23.1,False,Miércoles,2,False,otoño
2025-10-29,8,939,24,12,24,17,25.4,False,Miércoles,2,False,otoño
2025-10-29,9,1067,65,32,65,50,23.6,False,Miércoles,2,False,otoño
2025-10-29,10,1195,26,13,26,18,10.7,False,Miércoles,2,False,otoño
2025-10-30,1,44,49,24,49,32,22.1,False,Jueves,3,False,otoño
2025-10-30,2,172,26,13,26,18,14.1,True,Jueves,3,False,otoño
2025-10-30,3,300,21,10,21,15,15.8,False,Jueves,3,False,otoño
2025-10-30,4,428,69,48,69,45,11.5,True,Jueves,3,False,otoño
2025-10-30,5,556,30,15,30,20,14.8,False,Jueves,3,False,otoño
2025-10-30,6,684,24,12,24,15,17.6,True,Jueves,3,False,otoño
2025-10-30,7,812,42,21,42,24,17.0,False,Jueves,3,False,otoño
2025-10-30,8,940,31,13,31,23,17.6,False,Jueves,3,False,otoño
2025-10-30,9,1068,52,26,52,35,17.6,False,Jueves,3,False,otoño
2025-10-30,10,1196,28,14,28,21,18.7,False,Jueves,3,False,otoño
2025-10-31,1,45,33,16,33,18,10.8,False,Viernes,4,False,otoño
2025-10-31,2,173,20,9,20,12,13.0,False,Viernes,4,False,otoño
2025-10-31,3,301,19,9,19,12,13.7,False,Viernes,4,False,otoño
2025-10-31,4,429,49,24,49,29,19.2,False,Viernes,4,False,otoño
2025-10-31,5,557,28,14,28,16,16.1,False,Viernes,4,False,otoño
2025-10-31,6,685,24,10,24,17,19.1,False,Viernes,4,False,otoño
2025-10-31,7,813,27,13,27,21,19.1,False,Viernes,4,False,otoño
2025-10-31,8,941,20,10,20,15,17.5,False,Viernes,4,False,otoño
2025-10-31,9,1069,40,28,40,29,10.9,False,Viernes,4,False,otoño
2025-10-31,10,1197,18,9,18,13,19.0,False,Viernes,4,False,otoño
2025-11-03,1,46,62,43,62,42,11.8,False,Lunes,0,False,otoño
2025-11-03,2,174,22,11,22,16,15.5,False,Lunes,0,False,otoño
2025-11-03,3,302,22,9,22,12,13.8,False,Lunes,0,False,otoño
2025-11-03,4,430,62,31,62,36,17.9,False,Lunes,0,False,otoño
2025-11-03,5,558,33,23,33,19,9.1,False,Lunes,0,False,otoño
2025-11-03,6,686,36,18,36,27,10.4,True,Lunes,0,False,otoño
2025-11-03,7,814,37,25,37,26,10.1,False,Lunes,0,False,otoño
2025-11-03,8,942,25,11,25,16,13.8,False,Lunes,0,False,otoño
2025-11-03,9,1070,42,21,42,26,11.5,False,Lunes,0,False,otoño
2025-11-03,10,1198,23,10,23,18,12.3,False,Lunes,0,False,otoño
2025-11-04,1,47,57,39,57,42,6.3,True,Martes,1,False,otoño
2025-11-04,2,175,26,18,26,16,11.5,True,Martes,1,False,otoño
2025-11-04,3,303,31,21,31,20,9.7,False,Martes,1,False,otoño
2025-11-04,4,431,56,28,56,39,11.2,False,Martes,1,False,otoño
2025-11-04,5,559,43,21,43,24,12.2,False,Martes,1,False,otoño
2025-11-04,6,687,39,19,39,27,12.0,False,Martes,1,False,otoño
2025-11-04,7,815,32,16,32,24,12.6,True,Martes,1,False,otoño
2025-11-04,8,943,29,14,29,21,12.7,False,Martes,1,False,otoño
2025-11-04,9,1071,42,21,42,29,11.9,False,Martes,1,False,otoño
2025-11-04,10,1199,33,16,33,18,10.1,False,Martes,1,False,otoño
2025-11-05,1,48,42,18,42,26,14.5,False,Miércoles,2,False,otoño
2025-11-05,2,176,31,15,31,23,14.2,False,Miércoles,2,False,otoño
2025-11-05,3,304,30,13,30,17,14.6,False,Miércoles,2,False,otoño
2025-11-05,4,432,73,36,73,52,11.8,False,Miércoles,2,False,otoño
2025-11-05,5,560,47,23,47,37,14.9,False,Miércoles,2,False,otoño
2025-11-05,6,688,41,20,41,29,8.8,True,Miércoles,2,False,otoño
2025-11-05,7,816,32,16,32,21,11.6,False,Miércoles,2,False,otoño
2025-11-05,8,944,31,15,31,17,7.7,False,Miércoles,2,False,otoño
2025-11-05,9,1072,73,36,73,44,10.6,False,Miércoles,2,False,otoño
2025-11-05,10,1200,30,15,30,21,10.9,False,Miércoles,2,False,otoño
2025-11-06,1,49,60,30,60,44,7.3,True,Jueves,3,False,otoño
2025-11-06,2,177,27,13,27,16,15.2,False,Jueves,3,False,otoño
2025-11-06,3,305,20,10,20,11,11.0,False,Jueves,3,False,otoño
2025-11-06,4,433,49,34,49,31,6.8,False,Jueves,3,False,otoño
2025-11-06,5,561,32,16,32,21,11.3,False,Jueves,3,False,otoño
2025-11-06,6,689,40,20,40,27,11.8,False,Jueves,3,False,otoño
2025-11-06,7,817,43,21,43,29,8.5,False,Jueves,3,False,otoño
2025-11-06,8,945,23,16,23,14,11.3,False,Jueves,3,False,otoño
2025-11-06,9,1073,58,29,58,31,12.3,False,Jueves,3,False,otoño
2025-11-06,10,1201,29,14,29,16,15.0,False,Jueves,3,False,otoño
2025-11-07,1,50,41,20,41,26,12.5,False,Viernes,4,False,otoño
2025-11-07,2,178,16,11,16,10,10.8,True,Viernes,4,False,otoño
2025-11-07,3,306,22,11,22,17,11.5,True,Viernes,4,False,otoño
2025-11-07,4,434,37,18,37,22,13.6,True,Viernes,4,False,otoño
2025-11-07,5,562,31,15,31,21,10.9,False,Viernes,4,False,otoño
2025-11-07,6,690,23,10,23,16,13.0,False,Viernes,4,False,otoño
2025-11-07,7,818,21,10,21,14,9.6,False,Viernes,4,False,otoño
2025-11-07,8,946,17,8,17,9,13.0,True,Viernes,4,False,otoño
2025-11-07,9,1074,58,40,58,39,9.5,True,Viernes,4,False,otoño
2025-11-07,10,1202,15,7,15,9,12.0,False,Viernes,4,False,otoño
2025-11-10,1,51,58,40,58,32,11.5,False,Lunes,0,False,otoño
2025-11-10,2,179,18,9,18,13,11.4,True,Lunes,0,False,otoño
2025-11-10,3,307,22,15,22,17,10.7,False,Lunes,0,False,otoño
2025-11-10,4,435,58,29,58,40,12.1,False,Lunes,0,False,otoño
2025-11-10,5,563,30,13,30,22,12.6,False,Lunes,0,False,otoño
2025-11-10,6,691,39,19,39,23,12.1,False,Lunes,0,False,otoño
2025-11-10,7,819,30,21,30,21,17.4,True,Lunes,0,False,otoño
2025-11-10,8,947,27,12,27,14,12.7,False,Lunes,0,False,otoño
2025-11-10,9,1075,74,37,74,54,8.2,False,Lunes,0,False,otoño
2025-11-10,10,1203,24,16,24,17,11.5,True,Lunes,0,False,otoño
2025-11-11,1,52,64,44,64,51,10.9,False,Martes,1,False,otoño
2025-11-11,2,180,34,23,34,26,8.0,False,Martes,1,False,otoño
2025-11-11,3,308,27,18,27,18,6.4,False,Martes,1,False,otoño
2025-11-11,4,436,42,21,42,32,16.1,True,Martes,1,False,otoño
2025-11-11,5,564,26,13,26,14,12.0,True,Martes,1,False,otoño
2025-11-11,6,692,42,21,42,29,12.6,False,Martes,1,False,otoño
2025-11-11,7,820,33,16,33,20,17.9,False,Martes,1,False,otoño
2025-11-11,8,948,36,18,36,23,14.3,False,Martes,1,False,otoño
2025-11-11,9,1076,57,28,57,39,11.6,False,Martes,1,False,otoño
2025-11-11,10,1204,24,12,24,13,10.3,False,Martes,1,False,otoño
2025-11-12,1,53,71,49,71,44,4.2,False,Miércoles,2,False,otoño
2025-11-12,2,181,26,13,26,19,15.1,False,Miércoles,2,False,otoño
2025-11-12,3,309,22,15,22,12,6.7,False,Miércoles,2,False,otoño
2025-11-12,4,437,51,25,51,30,14.1,True,Miércoles,2,False,otoño
2025-11-12,5,565,27,13,27,19,8.7,True,Miércoles,2,False,otoño
2025-11-12,6,693,35,17,35,21,15.7,False,Miércoles,2,False,otoño
2025-11-12,7,821,26,13,26,16,15.6,False,Miércoles,2,False,otoño
2025-11-12,8,949,21,10,21,14,16.4,False,Miércoles,2,False,otoño
2025-11-12,9,1077,68,34,68,53,9.5,False,Miércoles,2,False,otoño
2025-11-12,10,1205,38,19,38,21,7.2,False,Miércoles,2,False,otoño
2025-11-13,1,54,80,40,80,60,18.0,False,Jueves,3,False,otoño
2025-11-13,2,182,36,18,36,26,15.2,False,Jueves,3,False,otoño
2025-11-13,3,310,28,14,28,16,14.0,False,Jueves,3,False,otoño
2025-11-13,4,438,66,46,66,47,8.1,False,Jueves,3,False,otoño
2025-11-13,5,566,42,21,42,27,13.4,False,Jueves,3,False,otoño
2025-11-13,6,694,30,15,30,16,13.4,False,Jueves,3,False,otoño
2025-11-13,7,822,39,19,39,26,7.4,False,Jueves,3,False,otoño
2025-11-13,8,950,25,11,25,18,17.5,False,Jueves,3,False,otoño
2025-11-13,9,1078,68,34,68,40,5.5,True,Jueves,3,False,otoño
2025-11-13,10,1206,30,15,30,22,8.6,False,Jueves,3,False,otoño
2025-11-14,1,55,42,21,42,32,14.1,False,Viernes,4,False,otoño
2025-11-14,2,183,18,8,18,11,12.2,False,Viernes,4,False,otoño
2025-11-14,3,311,21,10,21,11,7.4,False,Viernes,4,False,otoño
2025-11-14,4,439,56,28,56,35,9.9,False,Viernes,4,False,otoño
2025-11-14,5,567,28,14,28,20,11.5,False,Viernes,4,False,otoño
2025-11-14,6,695,32,22,32,18,8.4,False,Viernes,4,False,otoño
2025-11-14,7,823,30,15,30,17,9.1,False,Viernes,4,False,otoño
2025-11-14,8,951,20,10,20,13,8.0,False,Viernes,4,False,otoño
2025-11-14,9,1079,42,18,42,27,14.7,False,Viernes,4,False,otoño
2025-11-14,10,1207,20,10,20,12,9.5,False,Viernes,4,False,otoño
2025-11-17,1,56,44,19,44,25,12.6,False,Lunes,0,False,otoño
2025-11-17,2,184,27,13,27,19,11.7,True,Lunes,0,False,otoño
2025-11-17,3,312,31,21,31,18,8.1,True,Lunes,0,False,otoño
2025-11-17,4,440,57,28,57,35,15.6,False,Lunes,0,False,otoño
2025-11-17,5,568,31,13,31,18,15.1,False,Lunes,0,False,otoño
2025-11-17,6,696,37,18,37,26,11.4,False,Lunes,0,False,otoño
2025-11-17,7,824,28,19,28,18,11.3,False,Lunes,0,False,otoño
2025-11-17,8,952,26,18,26,18,11.7,False,Lunes,0,False,otoño
2025-11-17,9,1080,55,27,55,42,11.9,True,Lunes,0,False,otoño
2025-11-17,10,1208,33,23,33,18,7.2,False,Lunes,0,False,otoño
2025-11-18,1,57,56,25,56,40,17.2,False,Martes,1,False,otoño
2025-11-18,2,185,25,17,25,15,13.1,True,Martes,1,False,otoño
2025-11-18,3,313,23,16,23,16,9.3,True,Martes,1,False,otoño
2025-11-18,4,441,71,35,71,53,16.8,True,Martes,1,False,otoño
2025-11-18,5,569,42,21,42,25,13.5,False,Martes,1,False,otoño
2025-11-18,6,697,37,18,37,20,16.3,False,Martes,1,False,otoño
2025-11-18,7,825,34,17,34,20,14.0,False,Martes,1,False,otoño
2025-11-18,8,953,34,17,34,22,14.4,False,Martes,1,False,otoño
2025-11-18,9,1081,66,33,66,43,8.0,False,Martes,1,False,otoño
2025-11-18,10,1209,31,15,31,19,13.6,True,Martes,1,False,otoño
2025-11-19,1,58,55,38,55,31,10.8,False,Miércoles,2,False,otoño
2025-11-19,2,186,29,14,29,18,14.4,True,Miércoles,2,False,otoño
2025-11-19,3,314,22,15,22,12,8.2,True,Miércoles,2,False,otoño
2025-11-19,4,442,62,31,62,44,13.6,False,Miércoles,2,False,otoño
2025-11-19,5,570,32,16,32,21,11.0,False,Miércoles,2,False,otoño
2025-11-19,6,698,45,22,45,33,5.6,False,Miércoles,2,False,otoño
2025-11-19,7,826,30,15,30,19,13.6,False,Miércoles,2,False,otoño
2025-11-19,8,954,25,12,25,16,14.1,False,Miércoles,2,False,otoño
2025-11-19,9,1082,74,37,74,53,12.5,True,Miércoles,2,False,otoño
2025-11-19,10,1210,29,14,29,20,12.5,False,Miércoles,2,False,otoño
2025-11-20,1,59,48,24,48,29,13.4,True,Jueves,3,False,otoño
2025-11-20,2,187,23,11,23,12,12.3,True,Jueves,3,False,otoño
2025-11-20,3,315,18,9,18,12,9.9,True,Jueves,3,False,otoño
2025-11-20,4,443,56,39,56,34,7.7,True,Jueves,3,False,otoño
2025-11-20,5,571,41,20,41,28,15.1,False,Jueves,3,False,otoño
2025-11-20,6,699,32,16,32,20,15.3,True,Jueves,3,False,otoño
2025-11-20,7,827,28,14,28,19,13.0,False,Jueves,3,False,otoño
2025-11-20,8,955,26,18,26,15,11.0,True,Jueves,3,False,otoño
2025-11-20,9,1083,48,24,48,31,14.6,True,Jueves,3,False,otoño
2025-11-20,10,1211,28,14,28,20,11.9,False,Jueves,3,False,otoño
2025-11-21,1,60,53,26,53,40,12.8,False,Viernes,4,False,otoño
2025-11-21,2,188,22,15,22,13,5.7,False,Viernes,4,False,otoño
2025-11-21,3,316,23,11,23,17,9.6,False,Viernes,4,False,otoño
2025-11-21,4,444,57,28,57,32,11.2,False,Viernes,4,False,otoño
2025-11-21,5,572,32,16,32,21,10.2,False,Viernes,4,False,otoño
2025-11-21,6,700,24,16,24,13,8.8,False,Viernes,4,False,otoño
2025-11-21,7,828,21,10,21,15,10.2,False,Viernes,4,False,otoño
2025-11-21,8,956,26,13,26,19,11.4,True,Viernes,4,False,otoño
2025-11-21,9,1084,48,33,48,35,9.8,False,Viernes,4,False,otoño
2025-11-21,10,1212,19,9,19,13,14.3,False,Viernes,4,False,otoño
2025-11-24,1,61,44,30,44,33,16.2,True,Lunes,0,False,otoño
2025-11-24,2,189,30,15,30,21,13.1,False,Lunes,0,False,otoño
2025-11-24,3,317,22,9,22,14,12.6,False,Lunes,0,False,otoño
2025-11-24,4,445,56,28,56,34,9.0,True,Lunes,0,False,otoño
2025-11-24,5,573,33,23,33,19,10.9,False,Lunes,0,False,otoño
2025-11-24,6,701,37,18,37,26,12.7,False,Lunes,0,False,otoño
2025-11-24,7,829,31,21,31,24,10.0,False,Lunes,0,False,otoño
2025-11-24,8,957,30,21,30,21,7.7,False,Lunes,0,False,otoño
2025-11-24,9,1085,53,26,53,39,13.4,False,Lunes,0,False,otoño
2025-11-24,10,1213,22,15,22,15,14.1,True,Lunes,0,False,otoño
2025-11-25,1,62,42,29,42,23,9.0,True,Martes,1,False,otoño
2025-11-25,2,190,24,16,24,17,11.0,False,Martes,1,False,otoño
2025-11-25,3,318,23,10,23,17,14.0,False,Martes,1,False,otoño
2025-11-25,4,446,51,25,51,29,10.6,False,Martes,1,False,otoño
2025-11-25,5,574,51,25,51,31,14.3,False,Martes,1,False,otoño
2025-11-25,6,702,24,12,24,15,11.7,True,Martes,1,False,otoño
2025-11-25,7,830,40,20,40,24,13.0,False,Martes,1,False,otoño
2025-11-25,8,958,34,17,34,23,16.0,True,Martes,1,False,otoño
2025-11-25,9,1086,66,33,66,45,18.0,False,Martes,1,False,otoño
2025-11-25,10,1214,25,12,25,17,17.3,False,Martes,1,False,otoño
2025-11-26,1,63,51,35,51,40,13.1,True,Miércoles,2,False,otoño
2025-11-26,2,191,31,15,31,17,15.4,False,Miércoles,2,False,otoño
2025-11-26,3,319,22,9,22,17,17.9,False,Miércoles,2,False,otoño
2025-11-26,4,447,58,29,58,41,12.0,False,Miércoles,2,False,otoño
2025-11-26,5,575,42,21,42,24,9.8,False,Miércoles,2,False,otoño
2025-11-26,6,703,45,22,45,26,10.8,False,Miércoles,2,False,otoño
2025-11-26,7,831,40,20,40,31,16.7,False,Miércoles,2,False,otoño
2025-11-26,8,959,35,17,35,24,9.1,False,Miércoles,2,False,otoño
2025-11-26,9,1087,58,29,58,37,13.2,False,Miércoles,2,False,otoño
2025-11-26,10,1215,37,18,37,28,9.6,False,Miércoles,2,False,otoño
2025-11-27,1,64,72,36,72,43,8.6,False,Jueves,3,False,otoño
2025-11-27,2,192,40,20,40,22,9.3,False,Jueves,3,False,otoño
2025-11-27,3,320,25,12,25,19,12.8,False,Jueves,3,False,otoño
2025-11-27,4,448,60,42,60,45,11.5,True,Jueves,3,False,otoño
2025-11-27,5,576,27,13,27,16,11.4,True,Jueves,3,False,otoño
2025-11-27,6,704,27,13,27,15,6.8,True,Jueves,3,False,otoño
2025-11-27,7,832,37,18,37,23,11.8,False,Jueves,3,False,otoño
2025-11-27,8,960,24,16,24,15,9.0,True,Jueves,3,False,otoño
2025-11-27,9,1088,57,28,57,33,10.6,True,Jueves,3,False,otoño
2025-11-27,10,1216,20,10,20,13,14.6,True,Jueves,3,False,otoño
2025-11-28,1,65,29,14,29,20,13.7,False,Viernes,4,False,otoño
2025-11-28,2,193,21,14,21,14,8.5,False,Viernes,4,False,otoño
2025-11-28,3,321,19,9,19,10,11.8,False,Viernes,4,False,otoño
2025-11-28,4,449,40,20,40,28,8.4,False,Viernes,4,False,otoño
2025-11-28,5,577,29,14,29,22,13.4,False,Viernes,4,False,otoño
2025-11-28,6,705,29,20,29,19,8.4,False,Viernes,4,False,otoño
2025-11-28,7,833,28,14,28,18,15.7,False,Viernes,4,False,otoño
2025-11-28,8,961,15,7,15,8,10.4,False,Viernes,4,False,otoño
2025-11-28,9,1089,50,22,50,30,17.7,False,Viernes,4,False,otoño
2025-11-28,10,1217,21,10,21,14,5.7,False,Viernes,4,False,otoño
2025-12-01,1,66,48,33,48,36,5.2,False,Lunes,0,False,invierno
2025-12-01,2,194,32,22,32,18,8.1,False,Lunes,0,False,invierno
2025-12-01,3,322,19,13,19,13,10.7,False,Lunes,0,False,invierno
2025-12-01,4,450,64,32,64,38,8.2,True,Lunes,0,False,invierno
2025-12-01,5,578,36,25,36,19,8.2,False,Lunes,0,False,invierno
2025-12-01,6,706,42,29,42,24,7.9,False,Lunes,0,False,invierno
2025-12-01,7,834,30,21,30,23,0.7,True,Lunes,0,False,invierno
2025-12-01,8,962,30,21,30,19,5.0,False,Lunes,0,False,invierno
2025-12-01,9,1090,61,42,61,42,5.2,False,Lunes,0,False,invierno
2025-12-01,10,1218,19,13,19,11,10.5,True,Lunes,0,False,invierno
2025-12-02,1,67,62,43,62,42,7.4,False,Martes,1,False,invierno
2025-12-02,2,195,30,15,30,19,5.0,True,Martes,1,False,invierno
2025-12-02,3,323,25,17,25,15,6.1,True,Martes,1,False,invierno
2025-12-02,4,451,53,37,53,34,7.7,False,Martes,1,False,invierno
2025-12-02,5,579,40,28,40,29,5.6,False,Martes,1,False,invierno
2025-12-02,6,707,42,21,42,27,9.3,False,Martes,1,False,invierno
2025-12-02,7,835,36,18,36,22,7.3,False,Martes,1,False,invierno
2025-12-02,8,963,37,18,37,26,8.5,False,Martes,1,False,invierno
2025-12-02,9,1091,73,36,73,53,9.6,False,Martes,1,False,invierno
2025-12-02,10,1219,24,12,24,17,4.1,False,Martes,1,False,invierno
2025-12-03,1,68,62,43,62,39,9.6,False,Miércoles,2,False,invierno
2025-12-03,2,196,27,18,27,20,6.7,False,Miércoles,2,False,invierno
2025-12-03,3,324,20,14,20,11,8.9,True,Miércoles,2,False,invierno
2025-12-03,4,452,65,32,65,43,3.7,False,Miércoles,2,False,invierno
2025-12-03,5,580,41,20,41,30,6.4,False,Miércoles,2,False,invierno
2025-12-03,6,708,42,21,42,23,9.6,False,Miércoles,2,False,invierno
2025-12-03,7,836,49,24,49,37,4.2,False,Miércoles,2,False,invierno
2025-12-03,8,964,31,21,31,18,6.2,False,Miércoles,2,False,invierno
2025-12-03,9,1092,66,33,66,38,5.4,False,Miércoles,2,False,invierno
2025-12-03,10,1220,36,25,36,22,7.7,False,Miércoles,2,False,invierno
2025-12-04,1,69,50,35,50,34,2.9,True,Jueves,3,False,invierno
2025-12-04,2,197,35,17,35,27,6.2,False,Jueves,3,False,invierno
2025-12-04,3,325,34,23,34,22,7.8,False,Jueves,3,False,invierno
2025-12-04,4,453,61,42,61,40,8.4,True,Jueves,3,False,invierno
2025-12-04,5,581,37,18,37,25,11.5,True,Jueves,3,False,invierno
2025-12-04,6,709,43,21,43,34,1.8,False,Jueves,3,False,invierno
2025-12-04,7,837,23,11,23,16,1.3,True,Jueves,3,False,invierno
2025-12-04,8,965,28,14,28,19,2.4,False,Jueves,3,False,invierno
2025-12-04,9,1093,52,26,52,33,10.2,False,Jueves,3,False,invierno
2025-12-04,10,1221,23,11,23,13,10.5,False,Jueves,3,False,invierno
2025-12-05,1,70,30,21,30,19,2.4,False,Viernes,4,False,invierno
2025-12-05,2,198,24,16,24,15,8.5,False,Viernes,4,False,invierno
2025-12-05,3,326,16,11,16,10,7.6,False,Viernes,4,False,invierno
2025-12-05,4,454,57,28,57,39,3.6,False,Viernes,4,False,invierno
2025-12-05,5,582,26,18,26,18,6.0,False,Viernes,4,False,invierno
2025-12-05,6,710,24,12,24,16,7.5,True,Viernes,4,False,invierno
2025-12-05,7,838,25,12,25,16,10.5,False,Viernes,4,False,invierno
2025-12-05,8,966,23,16,23,16,5.6,False,Viernes,4,False,invierno
2025-12-05,9,1094,40,20,40,23,5.3,False,Viernes,4,False,invierno
2025-12-05,10,1222,23,11,23,13,3.4,False,Viernes,4,False,invierno
2025-12-09,1,71,50,22,50,38,12.3,False,Martes,1,False,invierno
2025-12-09,2,199,37,18,37,25,11.1,False,Martes,1,False,invierno
2025-12-09,3,327,37,25,37,21,4.8,False,Martes,1,False,invierno
2025-12-09,4,455,72,50,72,46,7.5,False,Martes,1,False,invierno
2025-12-09,5,583,44,30,44,29,6.4,False,Martes,1,False,invierno
2025-12-09,6,711,26,13,26,16,9.0,False,Martes,1,False,invierno
2025-12-09,7,839,36,18,36,25,6.7,False,Martes,1,False,invierno
2025-12-09,8,967,37,18,37,20,11.0,False,Martes,1,False,invierno
2025-12-09,9,1095,52,26,52,40,11.9,False,Martes,1,False,invierno
2025-12-09,10,1223,27,13,27,18,8.3,False,Martes,1,False,invierno
2025-12-10,1,72,52,36,52,38,3.5,True,Miércoles,2,False,invierno
2025-12-10,2,200,30,21,30,21,4.5,True,Miércoles,2,False,invierno
2025-12-10,3,328,27,18,27,21,5.5,True,Miércoles,2,False,invierno
2025-12-10,4,456,75,37,75,49,5.9,False,Miércoles,2,False,invierno
2025-12-10,5,584,43,21,43,23,1.3,True,Miércoles,2,False,invierno
2025-12-10,6,712,38,19,38,24,5.0,True,Miércoles,2,False,invierno
2025-12-10,7,840,41,20,41,25,7.1,False,Miércoles,2,False,invierno
2025-12-10,8,968,28,19,28,18,6.3,False,Miércoles,2,False,invierno
2025-12-10,9,1096,57,28,57,42,8.3,False,Miércoles,2,False,invierno
2025-12-10,10,1224,25,17,25,15,1.0,False,Miércoles,2,False,invierno
2025-12-11,1,73,54,37,54,36,-1.7,False,Jueves,3,False,invierno
2025-12-11,2,201,31,15,31,18,7.8,False,Jueves,3,False,invierno
2025-12-11,3,329,24,16,24,17,5.6,False,Jueves,3,False,invierno
2025-12-11,4,457,51,35,51,31,11.7,True,Jueves,3,False,invierno
2025-12-11,5,585,33,16,33,23,4.0,False,Jueves,3,False,invierno
2025-12-11,6,713,37,18,37,21,8.5,False,Jueves,3,False,invierno
2025-12-11,7,841,35,17,35,19,4.7,False,Jueves,3,False,invierno
2025-12-11,8,969,41,20,41,25,8.8,False,Jueves,3,False,invierno
2025-12-11,9,1097,50,25,50,31,13.8,False,Jueves,3,False,invierno
2025-12-11,10,1225,34,17,34,24,10.4,False,Jueves,3,False,invierno
2025-12-12,1,74,38,26,38,28,7.7,False,Viernes,4,False,invierno
2025-12-12,2,202,25,17,25,14,9.0,False,Viernes,4,False,invierno
2025-12-12,3,330,22,15,22,15,9.7,False,Viernes,4,False,invierno
2025-12-12,4,458,45,22,45,27,11.9,False,Viernes,4,False,invierno
2025-12-12,5,586,29,20,29,20,4.8,False,Viernes,4,False,invierno
2025-12-12,6,714,22,11,22,15,4.6,True,Viernes,4,False,invierno
2025-12-12,7,842,35,17,35,22,4.5,False,Viernes,4,False,invierno
2025-12-12,8,970,19,13,19,10,6.0,True,Viernes,4,False,invierno
2025-12-12,9,1098,45,22,45,28,3.8,False,Viernes,4,False,invierno
2025-12-12,10,1226,25,12,25,17,7.7,True,Viernes,4,False,invierno
2025-12-15,1,75,54,37,54,37,7.0,True,Lunes,0,False,invierno
2025-12-15,2,203,25,17,25,18,8.9,False,Lunes,0,False,invierno
2025-12-15,3,331,27,18,27,20,7.7,False,Lunes,0,False,invierno
2025-12-15,4,459,58,29,58,31,10.5,False,Lunes,0,False,invierno
2025-12-15,5,587,41,28,41,28,4.4,False,Lunes,0,False,invierno
2025-12-15,6,715,28,19,28,16,10.5,False,Lunes,0,False,invierno
2025-12-15,7,843,32,22,32,23,7.7,True,Lunes,0,False,invierno
2025-12-15,8,971,33,23,33,21,5.9,True,Lunes,0,False,invierno
2025-12-15,9,1099,58,40,58,39,10.5,False,Lunes,0,False,invierno
2025-12-15,10,1227,31,21,31,20,7.3,False,Lunes,0,False,invierno
2025-12-16,1,76,50,35,50,29,6.0,False,Martes,1,False,invierno
2025-12-16,2,204,39,19,39,31,6.9,False,Martes,1,False,invierno
2025-12-16,3,332,24,16,24,15,10.8,False,Martes,1,False,invierno
2025-12-16,4,460,55,38,55,38,10.6,False,Martes,1,False,invierno
2025-12-16,5,588,43,30,43,31,7.6,False,Martes,1,False,invierno
2025-12-16,6,716,44,22,44,26,7.0,False,Martes,1,False,invierno
2025-12-16,7,844,27,13,27,15,13.3,False,Martes,1,False,invierno
2025-12-16,8,972,24,12,24,13,14.7,False,Martes,1,False,invierno
2025-12-16,9,1100,52,26,52,36,7.6,False,Martes,1,False,invierno
2025-12-16,10,1228,27,13,27,18,12.9,False,Martes,1,False,invierno
2025-12-17,1,77,62,43,62,41,11.8,False,Miércoles,2,False,invierno
2025-12-17,2,205,27,18,27,21,8.8,False,Miércoles,2,False,invierno
2025-12-17,3,333,29,20,29,21,3.9,False,Miércoles,2,False,invierno
2025-12-17,4,461,52,26,52,30,0.2,False,Miércoles,2,False,invierno
2025-12-17,5,589,34,17,34,21,8.3,False,Miércoles,2,False,invierno
2025-12-17,6,717,46,23,46,30,3.2,False,Miércoles,2,False,invierno
2025-12-17,7,845,33,16,33,21,3.5,True,Miércoles,2,False,invierno
2025-12-17,8,973,29,20,29,16,11.8,False,Miércoles,2,False,invierno
2025-12-17,9,1101,56,28,56,39,8.2,True,Miércoles,2,False,invierno
2025-12-17,10,1229,30,21,30,19,1.6,False,Miércoles,2,False,invierno
2025-12-18,1,78,44,30,44,30,8.5,False,Jueves,3,False,invierno
2025-12-18,2,206,26,13,26,19,10.0,False,Jueves,3,False,invierno
2025-12-18,3,334,31,21,31,20,4.6,False,Jueves,3,False,invierno
2025-12-18,4,462,53,37,53,37,4.7,True,Jueves,3,False,invierno
2025-12-18,5,590,37,18,37,24,8.5,False,Jueves,3,False,invierno
2025-12-18,6,718,30,15,30,23,10.3,False,Jueves,3,False,invierno
2025-12-18,7,846,33,16,33,23,8.3,False,Jueves,3,False,invierno
2025-12-18,8,974,22,11,22,17,11.1,False,Jueves,3,False,invierno
2025-12-18,9,1102,62,31,62,40,5.0,False,Jueves,3,False,invierno
2025-12-18,10,1230,28,14,28,16,7.4,False,Jueves,3,False,invierno
2025-12-19,1,79,51,35,51,35,5.2,False,Viernes,4,False,invierno
2025-12-19,2,207,23,16,23,16,10.4,False,Viernes,4,False,invierno
2025-12-19,3,335,27,18,27,18,8.4,False,Viernes,4,False,invierno
2025-12-19,4,463,51,25,51,30,3.0,False,Viernes,4,False,invierno
2025-12-19,5,591,30,21,30,18,7.4,False,Viernes,4,False,invierno
2025-12-19,6,719,24,12,24,14,5.2,False,Viernes,4,False,invierno
2025-12-19,7,847,20,10,20,13,5.6,True,Viernes,4,False,invierno
2025-12-19,8,975,20,14,20,13,-0.1,False,Viernes,4,False,invierno
2025-12-19,9,1103,49,24,49,38,12.1,False,Viernes,4,False,invierno
2025-12-19,10,1231,24,12,24,18,13.3,True,Viernes,4,False,invierno
2025-12-22,1,80,44,30,44,25,5.6,True,Lunes,0,False,invierno
2025-12-22,2,208,38,26,38,27,2.1,False,Lunes,0,False,invierno
2025-12-22,3,336,15,10,15,10,9.9,True,Lunes,0,False,invierno
2025-12-22,4,464,70,35,70,38,3.7,False,Lunes,0,False,invierno
2025-12-22,5,592,43,30,43,30,4.0,True,Lunes,0,False,invierno
2025-12-22,6,720,35,24,35,20,4.3,False,Lunes,0,False,invierno
2025-12-22,7,848,35,24,35,23,8.5,False,Lunes,0,False,invierno
2025-12-22,8,976,36,25,36,21,4.3,False,Lunes,0,False,invierno
2025-12-22,9,1104,59,41,59,38,7.1,False,Lunes,0,False,invierno
2025-12-22,10,1232,33,23,33,22,5.2,False,Lunes,0,False,invierno
2025-12-23,1,81,52,36,52,37,8.3,False,Martes,1,False,invierno
2025-12-23,2,209,28,14,28,19,6.2,False,Martes,1,False,invierno
2025-12-23,3,337,24,16,24,18,4.1,True,Martes,1,False,invierno
2025-12-23,4,465,53,37,53,33,11.1,False,Martes,1,False,invierno
2025-12-23,5,593,40,28,40,27,11.5,True,Martes,1,False,invierno
2025-12-23,6,721,31,15,31,19,2.8,False,Martes,1,False,invierno
2025-12-23,7,849,45,22,45,31,8.0,False,Martes,1,False,invierno
2025-12-23,8,977,36,18,36,20,9.0,False,Martes,1,False,invierno
2025-12-23,9,1105,57,28,57,35,5.4,False,Martes,1,False,invierno
2025-12-23,10,1233,36,18,36,20,7.0,False,Martes,1,False,invierno
2025-12-24,1,82,55,38,55,31,8.9,True,Miércoles,2,False,invierno
2025-12-24,2,210,37,25,37,28,9.6,False,Miércoles,2,False,invierno
2025-12-24,3,338,31,21,31,23,7.7,False,Miércoles,2,False,invierno
2025-12-24,4,466,59,29,59,35,11.7,False,Miércoles,2,False,invierno
2025-12-24,5,594,36,18,36,24,4.5,False,Miércoles,2,False,invierno
2025-12-24,6,722,35,17,35,20,2.3,False,Miércoles,2,False,invierno
2025-12-24,7,850,29,14,29,18,7.2,False,Miércoles,2,False,invierno
2025-12-24,8,978,40,28,40,22,11.0,False,Miércoles,2,False,invierno
2025-12-24,9,1106,54,27,54,42,13.9,False,Miércoles,2,False,invierno
2025-12-24,10,1234,24,16,24,18,8.9,True,Miércoles,2,False,invierno
2025-12-26,1,83,44,30,44,29,4.5,True,Viernes,4,False,invierno
2025-12-26,2,211,28,19,28,17,3.6,False,Viernes,4,False,invierno
2025-12-26,3,339,21,14,21,16,3.0,False,Viernes,4,False,invierno
2025-12-26,4,467,44,22,44,34,10.0,False,Viernes,4,False,invierno
2025-12-26,5,595,33,23,33,22,4.0,False,Viernes,4,False,invierno
2025-12-26,6,723,23,11,23,16,7.1,False,Viernes,4,False,invierno
2025-12-26,7,851,25,12,25,14,4.5,False,Viernes,4,False,invierno
2025-12-26,8,979,27,18,27,20,7.3,False,Viernes,4,False,invierno
2025-12-26,9,1107,44,22,44,27,6.0,False,Viernes,4,False,invierno
2025-12-26,10,1235,17,8,17,10,6.9,True,Viernes,4,False,invierno
2025-12-29,1,84,71,49,71,54,7.8,False,Lunes,0,False,invierno
2025-12-29,2,212,39,27,39,28,5.3,False,Lunes,0,False,invierno
2025-12-29,3,340,22,15,22,12,7.0,False,Lunes,0,False,invierno
2025-12-29,4,468,46,23,46,36,10.0,False,Lunes,0,False,invierno
2025-12-29,5,596,38,26,38,29,10.6,False,Lunes,0,False,invierno
2025-12-29,6,724,35,24,35,25,9.5,True,Lunes,0,False,invierno
2025-12-29,7,852,32,22,32,18,3.6,False,Lunes,0,False,invierno
2025-12-29,8,980,35,24,35,20,6.4,False,Lunes,0,False,invierno
2025-12-29,9,1108,67,46,67,45,7.5,True,Lunes,0,False,invierno
2025-12-29,10,1236,43,30,43,31,4.4,False,Lunes,0,False,invierno
2025-12-30,1,85,73,51,73,53,10.7,False,Martes,1,False,invierno
2025-12-30,2,213,24,12,24,18,6.3,False,Martes,1,False,invierno
2025-12-30,3,341,25,17,25,19,10.2,False,Martes,1,False,invierno
2025-12-30,4,469,48,33,48,26,10.0,False,Martes,1,False,invierno
2025-12-30,5,597,41,28,41,26,8.3,False,Martes,1,False,invierno
2025-12-30,6,725,42,21,42,28,-1.2,False,Martes,1,False,invierno
2025-12-30,7,853,39,19,39,25,6.5,False,Martes,1,False,invierno
2025-12-30,8,981,31,15,31,22,11.2,True,Martes,1,False,invierno
2025-12-30,9,1109,58,29,58,39,3.4,False,Martes,1,False,invierno
2025-12-30,10,1237,28,14,28,21,9.7,False,Martes,1,False,invierno
2025-12-31,1,86,58,40,58,35,5.6,False,Miércoles,2,False,invierno
2025-12-31,2,214,25,17,25,14,8.4,True,Miércoles,2,False,invierno
2025-12-31,3,342,23,16,23,15,8.0,False,Miércoles,2,False,invierno
2025-12-31,4,470,63,31,63,36,3.3,False,Miércoles,2,False,invierno
2025-12-31,5,598,36,18,36,25,10.8,False,Miércoles,2,False,invierno
2025-12-31,6,726,26,13,26,19,10.4,False,Miércoles,2,False,invierno
2025-12-31,7,854,44,22,44,32,7.8,False,Miércoles,2,False,invierno
2025-12-31,8,982,34,23,34,19,7.7,False,Miércoles,2,False,invierno
2025-12-31,9,1110,59,29,59,35,4.1,True,Miércoles,2,False,invierno
2025-12-31,10,1238,27,18,27,16,5.4,False,Miércoles,2,False,invierno
2026-01-02,1,87,32,22,32,22,3.7,True,Viernes,4,False,invierno
2026-01-02,2,215,23,16,23,17,4.0,False,Viernes,4,False,invierno
2026-01-02,3,343,21,14,21,11,-0.2,True,Viernes,4,False,invierno
2026-01-02,4,471,37,18,37,27,2.8,False,Viernes,4,False,invierno
2026-01-02,5,599,21,14,21,16,6.9,True,Viernes,4,False,invierno
2026-01-02,6,727,21,10,21,16,7.5,False,Viernes,4,False,invierno
2026-01-02,7,855,27,13,27,14,7.8,True,Viernes,4,False,invierno
2026-01-02,8,983,26,18,26,19,10.7,False,Viernes,4,False,invierno
2026-01-02,9,1111,42,21,42,27,5.5,False,Viernes,4,False,invierno
2026-01-02,10,1239,19,9,19,11,8.8,True,Viernes,4,False,invierno
2026-01-05,1,88,56,39,56,39,6.1,False,Lunes,0,False,invierno
2026-01-05,2,216,24,16,24,15,6.5,True,Lunes,0,False,invierno
2026-01-05,3,344,23,16,23,18,4.9,True,Lunes,0,False,invierno
2026-01-05,4,472,67,33,67,43,7.2,True,Lunes,0,False,invierno
2026-01-05,5,600,39,27,39,22,4.0,False,Lunes,0,False,invierno
2026-01-05,6,728,32,22,32,20,6.8,False,Lunes,0,False,invierno
2026-01-05,7,856,26,18,26,18,9.1,False,Lunes,0,False,invierno
2026-01-05,8,984,28,19,28,17,4.7,True,Lunes,0,False,invierno
2026-01-05,9,1112,59,41,59,37,8.9,False,Lunes,0,False,invierno
2026-01-05,10,1240,37,25,37,22,4.5,False,Lunes,0,False,invierno
2026-01-07,1,89,54,37,54,33,9.9,True,Miércoles,2,False,invierno
2026-01-07,2,217,29,20,29,16,6.4,False,Miércoles,2,False,invierno
2026-01-07,3,345,27,18,27,14,4.6,True,Miércoles,2,False,invierno
2026-01-07,4,473,77,38,77,45,2.8,False,Miércoles,2,False,invierno
2026-01-07,5,601,49,24,49,33,7.0,False,Miércoles,2,False,invierno
2026-01-07,6,729,33,16,33,21,4.6,False,Miércoles,2,False,invierno
2026-01-07,7,857,44,22,44,30,3.8,False,Miércoles,2,False,invierno
2026-01-07,8,985,32,22,32,24,5.3,False,Miércoles,2,False,invierno
2026-01-07,9,1113,56,28,56,37,0.5,False,Miércoles,2,False,invierno
2026-01-07,10,1241,35,24,35,26,8.1,False,Miércoles,2,False,invierno
2026-01-08,1,90,46,32,46,34,3.6,False,Jueves,3,False,invierno
2026-01-08,2,218,36,18,36,27,6.5,False,Jueves,3,False,invierno
2026-01-08,3,346,28,19,28,18,4.3,False,Jueves,3,False,invierno
2026-01-08,4,474,59,41,59,43,3.8,False,Jueves,3,False,invierno
2026-01-08,5,602,46,23,46,30,1.8,False,Jueves,3,False,invierno
2026-01-08,6,730,29,14,29,21,3.3,False,Jueves,3,False,invierno
2026-01-08,7,858,23,11,23,12,5.0,True,Jueves,3,False,invierno
2026-01-08,8,986,29,14,29,17,8.3,False,Jueves,3,False,invierno
2026-01-08,9,1114,76,38,76,60,8.0,False,Jueves,3,False,invierno
2026-01-08,10,1242,26,13,26,20,0.4,False,Jueves,3,False,invierno
2026-01-09,1,91,44,30,44,28,5.0,False,Viernes,4,False,invierno
2026-01-09,2,219,27,18,27,15,9.5,False,Viernes,4,False,invierno
2026-01-09,3,347,18,12,18,10,7.6,True,Viernes,4,False,invierno
2026-01-09,4,475,47,23,47,28,6.9,False,Viernes,4,False,invierno
2026-01-09,5,603,35,24,35,25,5.7,False,Viernes,4,False,invierno
2026-01-09,6,731,33,16,33,22,7.8,False,Viernes,4,False,invierno
2026-01-09,7,859,28,14,28,19,4.2,False,Viernes,4,False,invierno
2026-01-09,8,987,26,18,26,20,2.5,False,Viernes,4,False,invierno
2026-01-09,9,1115,48,24,48,28,7.1,False,Viernes,4,False,invierno
2026-01-09,10,1243,26,13,26,17,9.3,False,Viernes,4,False,invierno
2026-01-12,1,92,51,35,51,30,6.7,True,Lunes,0,False,invierno
2026-01-12,2,220,28,19,28,17,5.6,False,Lunes,0,False,invierno
2026-01-12,3,348,34,23,34,22,0.1,False,Lunes,0,False,invierno
2026-01-12,4,476,53,26,53,33,9.5,True,Lunes,0,False,invierno
2026-01-12,5,604,31,21,31,24,10.9,False,Lunes,0,False,invierno
2026-01-12,6,732,34,15,34,22,13.2,False,Lunes,0,False,invierno
2026-01-12,7,860,34,23,34,25,4.5,True,Lunes,0,False,invierno
2026-01-12,8,988,22,15,22,12,6.4,True,Lunes,0,False,invierno
2026-01-12,9,1116,52,36,52,34,5.8,False,Lunes,0,False,invierno
2026-01-12,10,1244,31,21,31,19,5.8,False,Lunes,0,False,invierno
2026-01-13,1,93,50,35,50,37,4.0,False,Martes,1,False,invierno
2026-01-13,2,221,32,16,32,22,6.8,False,Martes,1,False,invierno
2026-01-13,3,349,19,13,19,11,2.5,False,Martes,1,False,invierno
2026-01-13,4,477,68,47,68,41,8.6,False,Martes,1,False,invierno
2026-01-13,5,605,42,29,42,24,8.8,False,Martes,1,False,invierno
2026-01-13,6,733,30,15,30,23,10.1,True,Martes,1,False,invierno
2026-01-13,7,861,43,21,43,28,2.9,False,Martes,1,False,invierno
2026-01-13,8,989,39,19,39,22,7.0,False,Martes,1,False,invierno
2026-01-13,9,1117,68,34,68,48,3.0,False,Martes,1,False,invierno
2026-01-13,10,1245,31,15,31,18,3.3,False,Martes,1,False,invierno
2026-01-14,1,94,61,42,61,35,4.7,False,Miércoles,2,False,invierno
2026-01-14,2,222,30,21,30,20,5.1,False,Miércoles,2,False,invierno
2026-01-14,3,350,22,15,22,15,9.9,False,Miércoles,2,False,invierno
2026-01-14,4,478,58,29,58,45,5.4,False,Miércoles,2,False,invierno
2026-01-14,5,606,42,21,42,26,2.7,False,Miércoles,2,False,invierno
2026-01-14,6,734,34,17,34,25,9.1,False,Miércoles,2,False,invierno
2026-01-14,7,862,33,16,33,20,5.6,False,Miércoles,2,False,invierno
2026-01-14,8,990,37,25,37,22,9.6,False,Miércoles,2,False,invierno
2026-01-14,9,1118,61,30,61,40,9.4,False,Miércoles,2,False,invierno
2026-01-14,10,1246,28,19,28,18,3.5,True,Miércoles,2,False,invierno
2026-01-15,1,95,43,30,43,29,4.6,False,Jueves,3,False,invierno
2026-01-15,2,223,33,16,33,21,11.1,False,Jueves,3,False,invierno
2026-01-15,3,351,28,19,28,15,5.3,False,Jueves,3,False,invierno
2026-01-15,4,479,62,43,62,48,6.5,False,Jueves,3,False,invierno
2026-01-15,5,607,53,26,53,35,7.9,False,Jueves,3,False,invierno
2026-01-15,6,735,38,19,38,21,-1.1,False,Jueves,3,False,invierno
2026-01-15,7,863,35,17,35,22,5.8,True,Jueves,3,False,invierno
2026-01-15,8,991,34,17,34,19,5.3,False,Jueves,3,False,invierno
2026-01-15,9,1119,61,30,61,46,6.0,False,Jueves,3,False,invierno
2026-01-15,10,1247,24,12,24,17,3.1,True,Jueves,3,False,invierno
2026-01-16,1,96,37,25,37,29,1.4,True,Viernes,4,False,invierno
2026-01-16,2,224,23,16,23,16,2.0,False,Viernes,4,False,invierno
2026-01-16,3,352,16,11,16,8,6.8,False,Viernes,4,False,invierno
2026-01-16,4,480,42,21,42,23,5.7,False,Viernes,4,False,invierno
2026-01-16,5,608,32,22,32,21,7.2,False,Viernes,4,False,invierno
2026-01-16,6,736,25,12,25,17,8.7,False,Viernes,4,False,invierno
2026-01-16,7,864,34,17,34,19,-2.0,False,Viernes,4,False,invierno
2026-01-16,8,992,24,16,24,19,1.1,False,Viernes,4,False,invierno
2026-01-16,9,1120,33,16,33,21,6.3,True,Viernes,4,False,invierno
2026-01-16,10,1248,19,9,19,11,0.9,False,Viernes,4,False,invierno
2026-01-19,1,97,39,27,39,29,8.4,False,Lunes,0,False,invierno
2026-01-19,2,225,30,21,30,21,5.0,False,Lunes,0,False,invierno
2026-01-19,3,353,22,15,22,13,7.0,False,Lunes,0,False,invierno
2026-01-19,4,481,59,29,59,42,13.5,False,Lunes,0,False,invierno
2026-01-19,5,609,39,27,39,28,6.8,False,Lunes,0,False,invierno
2026-01-19,6,737,32,22,32,23,4.8,False,Lunes,0,False,invierno
2026-01-19,7,865,30,21,30,22,10.4,False,Lunes,0,False,invierno
2026-01-19,8,993,27,18,27,14,3.7,False,Lunes,0,False,invierno
2026-01-19,9,1121,87,60,87,60,6.5,False,Lunes,0,False,invierno
2026-01-19,10,1249,35,24,35,22,9.2,False,Lunes,0,False,invierno
2026-01-20,1,98,68,47,68,41,5.7,False,Martes,1,False,invierno
2026-01-20,2,226,36,18,36,23,3.7,False,Martes,1,False,invierno
2026-01-20,3,354,21,14,21,15,6.9,False,Martes,1,False,invierno
2026-01-20,4,482,60,42,60,37,1.3,False,Martes,1,False,invierno
2026-01-20,5,610,38,26,38,25,4.2,False,Martes,1,False,invierno
2026-01-20,6,738,42,21,42,30,6.9,False,Martes,1,False,invierno
2026-01-20,7,866,30,15,30,20,3.7,False,Martes,1,False,invierno
2026-01-20,8,994,28,14,28,21,3.5,False,Martes,1,False,invierno
2026-01-20,9,1122,69,34,69,39,1.5,True,Martes,1,False,invierno
2026-01-20,10,1250,31,15,31,18,4.3,False,Martes,1,False,invierno
2026-01-21,1,99,55,38,55,39,3.0,False,Miércoles,2,False,invierno
2026-01-21,2,227,35,24,35,27,4.2,False,Miércoles,2,False,invierno
2026-01-21,3,355,24,16,24,14,4.1,True,Miércoles,2,False,invierno
2026-01-21,4,483,69,34,69,44,10.6,False,Miércoles,2,False,invierno
2026-01-21,5,611,45,22,45,24,2.6,True,Miércoles,2,False,invierno
2026-01-21,6,739,39,19,39,24,0.8,False,Miércoles,2,False,invierno
2026-01-21,7,867,43,21,43,31,4.2,False,Miércoles,2,False,invierno
2026-01-21,8,995,32,22,32,23,9.3,False,Miércoles,2,False,invierno
2026-01-21,9,1123,60,30,60,41,1.0,False,Miércoles,2,False,invierno
2026-01-21,10,1251,35,24,35,19,6.5,False,Miércoles,2,False,invierno
2026-01-22,1,100,44,30,44,29,5.9,False,Jueves,3,False,invierno
2026-01-22,2,228,24,12,24,18,2.5,False,Jueves,3,False,invierno
2026-01-22,3,356,28,19,28,21,7.2,True,Jueves,3,False,invierno
2026-01-22,4,484,74,51,74,51,4.8,False,Jueves,3,False,invierno
2026-01-22,5,612,37,18,37,26,4.2,False,Jueves,3,False,invierno
2026-01-22,6,740,34,17,34,19,5.6,False,Jueves,3,False,invierno
2026-01-22,7,868,27,13,27,15,9.0,True,Jueves,3,False,invierno
2026-01-22,8,996,28,14,28,19,6.2,False,Jueves,3,False,invierno
2026-01-22,9,1124,49,24,49,28,6.5,False,Jueves,3,False,invierno
2026-01-22,10,1252,35,17,35,24,4.8,False,Jueves,3,False,invierno
2026-01-23,1,101,47,32,47,29,7.5,True,Viernes,4,False,invierno
2026-01-23,2,229,23,16,23,14,1.8,False,Viernes,4,False,invierno
2026-01-23,3,357,26,18,26,20,9.2,False,Viernes,4,False,invierno
2026-01-23,4,485,46,23,46,36,10.0,True,Viernes,4,False,invierno
2026-01-23,5,613,28,19,28,21,5.6,True,Viernes,4,False,invierno
2026-01-23,6,741,27,13,27,18,4.9,True,Viernes,4,False,invierno
2026-01-23,7,869,28,14,28,15,6.6,False,Viernes,4,False,invierno
2026-01-23,8,997,23,16,23,16,5.8,False,Viernes,4,False,invierno
2026-01-23,9,1125,45,22,45,26,9.8,False,Viernes,4,False,invierno
2026-01-23,10,1253,28,14,28,21,5.0,False,Viernes,4,False,invierno
2026-01-26,1,102,48,33,48,36,0.7,True,Lunes,0,False,invierno
2026-01-26,2,230,32,22,32,19,4.6,False,Lunes,0,False,invierno
2026-01-26,3,358,29,20,29,21,1.9,True,Lunes,0,False,invierno
2026-01-26,4,486,71,35,71,40,5.4,False,Lunes,0,False,invierno
2026-01-26,5,614,36,25,36,21,7.4,True,Lunes,0,False,invierno
2026-01-26,6,742,27,18,27,15,6.4,False,Lunes,0,False,invierno
2026-01-26,7,870,34,23,34,23,9.8,False,Lunes,0,False,invierno
2026-01-26,8,998,40,28,40,28,8.2,False,Lunes,0,False,invierno
2026-01-26,9,1126,41,28,41,29,4.3,True,Lunes,0,False,invierno
2026-01-26,10,1254,34,23,34,23,2.6,True,Lunes,0,False,invierno
2026-01-27,1,103,76,53,76,42,9.9,False,Martes,1,False,invierno
2026-01-27,2,231,36,18,36,22,7.9,False,Martes,1,False,invierno
2026-01-27,3,359,24,16,24,14,2.4,False,Martes,1,False,invierno
2026-01-27,4,487,56,39,56,41,8.6,False,Martes,1,False,invierno
2026-01-27,5,615,41,28,41,24,8.6,True,Martes,1,False,invierno
2026-01-27,6,743,40,20,40,25,7.4,False,Martes,1,False,invierno
2026-01-27,7,871,30,15,30,18,-0.5,False,Martes,1,False,invierno
2026-01-27,8,999,34,17,34,20,8.6,False,Martes,1,False,invierno
2026-01-27,9,1127,72,36,72,47,8.1,True,Martes,1,False,invierno
2026-01-27,10,1255,29,14,29,18,6.5,False,Martes,1,False,invierno
2026-01-28,1,104,47,32,47,27,5.5,False,Miércoles,2,False,invierno
2026-01-28,2,232,25,17,25,19,2.6,True,Miércoles,2,False,invierno
2026-01-28,3,360,30,21,30,21,4.5,False,Miércoles,2,False,invierno
2026-01-28,4,488,58,29,58,38,9.1,False,Miércoles,2,False,invierno
2026-01-28,5,616,55,27,55,32,6.5,False,Miércoles,2,False,invierno
2026-01-28,6,744,50,25,50,36,9.3,False,Miércoles,2,False,invierno
2026-01-28,7,872,35,17,35,27,8.2,True,Miércoles,2,False,invierno
2026-01-28,8,1000,26,18,26,16,10.6,False,Miércoles,2,False,invierno
2026-01-28,9,1128,53,26,53,32,7.1,False,Miércoles,2,False,invierno
2026-01-28,10,1256,30,21,30,21,6.7,False,Miércoles,2,False,invierno
2026-01-29,1,105,48,33,48,36,5.8,False,Jueves,3,False,invierno
2026-01-29,2,233,29,14,29,16,8.1,False,Jueves,3,False,invierno
2026-01-29,3,361,22,15,22,13,8.4,False,Jueves,3,False,invierno
2026-01-29,4,489,63,44,63,47,6.7,False,Jueves,3,False,invierno
2026-01-29,5,617,45,22,45,29,4.2,False,Jueves,3,False,invierno
2026-01-29,6,745,36,18,36,23,5.2,False,Jueves,3,False,invierno
2026-01-29,7,873,27,13,27,15,4.3,True,Jueves,3,False,invierno
2026-01-29,8,1001,37,18,37,24,8.2,False,Jueves,3,False,invierno
2026-01-29,9,1129,54,27,54,38,9.1,True,Jueves,3,False,invierno
2026-01-29,10,1257,36,18,36,24,5.4,False,Jueves,3,False,invierno
2026-01-30,1,106,52,36,52,40,5.2,False,Viernes,4,False,invierno
2026-01-30,2,234,18,12,18,10,11.2,False,Viernes,4,False,invierno
2026-01-30,3,362,23,16,23,14,5.0,False,Viernes,4,False,invierno
2026-01-30,4,490,56,28,56,42,2.2,False,Viernes,4,False,invierno
2026-01-30,5,618,19,13,19,10,10.3,True,Viernes,4,False,invierno
2026-01-30,6,746,25,12,25,16,2.5,False,Viernes,4,False,invierno
2026-01-30,7,874,27,13,27,20,4.6,False,Viernes,4,False,invierno
2026-01-30,8,1002,27,18,27,20,1.9,False,Viernes,4,False,invierno
2026-01-30,9,1130,47,23,47,31,1.4,False,Viernes,4,False,invierno
2026-01-30,10,1258,22,11,22,17,1.7,False,Viernes,4,False,invierno
2026-02-02,1,107,55,38,55,41,1.9,False,Lunes,0,False,invierno
2026-02-02,2,235,27,12,27,16,13.2,False,Lunes,0,False,invierno
2026-02-02,3,363,24,16,24,18,3.1,False,Lunes,0,False,invierno
2026-02-02,4,491,50,25,50,32,14.6,False,Lunes,0,False,invierno
2026-02-02,5,619,43,30,43,26,8.7,False,Lunes,0,False,invierno
2026-02-02,6,747,36,25,36,23,7.0,False,Lunes,0,False,invierno
2026-02-02,7,875,38,26,38,23,5.4,False,Lunes,0,False,invierno
2026-02-02,8,1003,28,19,28,19,5.2,False,Lunes,0,False,invierno
2026-02-02,9,1131,55,38,55,38,10.5,False,Lunes,0,False,invierno
2026-02-02,10,1259,28,19,28,20,4.5,False,Lunes,0,False,invierno
2026-02-03,1,108,60,42,60,39,4.9,False,Martes,1,False,invierno
2026-02-03,2,236,29,14,29,21,4.2,True,Martes,1,False,invierno
2026-02-03,3,364,29,20,29,16,7.4,False,Martes,1,False,invierno
2026-02-03,4,492,81,56,81,60,3.5,False,Martes,1,False,invierno
2026-02-03,5,620,48,33,48,32,9.7,False,Martes,1,False,invierno
2026-02-03,6,748,46,23,46,35,9.5,False,Martes,1,False,invierno
2026-02-03,7,876,28,14,28,19,8.2,True,Martes,1,False,invierno
2026-02-03,8,1004,36,18,36,20,13.6,True,Martes,1,False,invierno
2026-02-03,9,1132,68,34,68,37,10.2,False,Martes,1,False,invierno
2026-02-03,10,1260,31,15,31,22,1.9,False,Martes,1,False,invierno
2026-02-04,1,109,47,21,47,33,12.8,False,Miércoles,2,False,invierno
2026-02-04,2,237,26,18,26,20,8.4,False,Miércoles,2,False,invierno
2026-02-04,3,365,24,16,24,18,5.6,False,Miércoles,2,False,invierno
2026-02-04,4,493,55,27,55,37,-1.3,False,Miércoles,2,False,invierno
2026-02-04,5,621,49,24,49,37,5.4,False,Miércoles,2,False,invierno
2026-02-04,6,749,36,18,36,20,9.8,True,Miércoles,2,False,invierno
2026-02-04,7,877,35,17,35,24,3.5,False,Miércoles,2,False,invierno
2026-02-04,8,1005,23,16,23,17,10.3,False,Miércoles,2,False,invierno
2026-02-04,9,1133,54,27,54,39,5.0,False,Miércoles,2,False,invierno
2026-02-04,10,1261,37,25,37,29,6.8,False,Miércoles,2,False,invierno
2026-02-05,1,110,56,39,56,42,9.9,False,Jueves,3,False,invierno
2026-02-05,2,238,33,16,33,25,-1.8,False,Jueves,3,False,invierno
2026-02-05,3,366,25,17,25,15,2.9,False,Jueves,3,False,invierno
2026-02-05,4,494,57,39,57,34,7.8,False,Jueves,3,False,invierno
2026-02-05,5,622,36,18,36,22,7.7,True,Jueves,3,False,invierno
2026-02-05,6,750,36,18,36,23,7.8,False,Jueves,3,False,invierno
2026-02-05,7,878,31,15,31,18,9.5,False,Jueves,3,False,invierno
2026-02-05,8,1006,31,15,31,17,12.7,False,Jueves,3,False,invierno
2026-02-05,9,1134,54,27,54,32,12.3,False,Jueves,3,False,invierno
2026-02-05,10,1262,30,15,30,21,6.9,False,Jueves,3,False,invierno
2026-02-06,1,111,33,23,33,22,9.9,True,Viernes,4,False,invierno
2026-02-06,2,239,18,12,18,13,10.0,False,Viernes,4,False,invierno
2026-02-06,3,367,12,8,12,6,10.6,True,Viernes,4,False,invierno
2026-02-06,4,495,45,22,45,27,8.2,False,Viernes,4,False,invierno
2026-02-06,5,623,21,9,21,11,12.1,False,Viernes,4,False,invierno
2026-02-06,6,751,27,13,27,20,7.4,False,Viernes,4,False,invierno
2026-02-06,7,879,27,13,27,20,1.5,True,Viernes,4,False,invierno
2026-02-06,8,1007,23,16,23,18,8.1,False,Viernes,4,False,invierno
2026-02-06,9,1135,36,18,36,21,11.5,True,Viernes,4,False,invierno
2026-02-06,10,1263,20,10,20,12,6.0,False,Viernes,4,False,invierno
2026-02-09,1,112,53,37,53,34,5.9,False,Lunes,0,False,invierno
2026-02-09,2,240,32,22,32,21,6.4,False,Lunes,0,False,invierno
2026-02-09,3,368,22,15,22,15,4.3,True,Lunes,0,False,invierno
2026-02-09,4,496,49,24,49,36,7.1,False,Lunes,0,False,invierno
2026-02-09,5,624,33,23,33,23,6.0,True,Lunes,0,False,invierno
2026-02-09,6,752,38,26,38,22,11.6,False,Lunes,0,False,invierno
2026-02-09,7,880,27,18,27,19,9.9,False,Lunes,0,False,invierno
2026-02-09,8,1008,24,16,24,18,10.2,False,Lunes,0,False,invierno
2026-02-09,9,1136,44,30,44,29,5.5,False,Lunes,0,False,invierno
2026-02-09,10,1264,33,23,33,24,7.2,False,Lunes,0,False,invierno
2026-02-10,1,113,48,33,48,35,6.8,False,Martes,1,False,invierno
2026-02-10,2,241,28,14,28,19,5.3,False,Martes,1,False,invierno
2026-02-10,3,369,37,25,37,25,6.4,False,Martes,1,False,invierno
2026-02-10,4,497,65,45,65,46,6.7,False,Martes,1,False,invierno
2026-02-10,5,625,42,18,42,24,13.0,False,Martes,1,False,invierno
2026-02-10,6,753,33,16,33,19,10.0,True,Martes,1,False,invierno
2026-02-10,7,881,30,15,30,22,11.3,False,Martes,1,False,invierno
2026-02-10,8,1009,28,14,28,22,6.9,False,Martes,1,False,invierno
2026-02-10,9,1137,58,29,58,36,8.0,False,Martes,1,False,invierno
2026-02-10,10,1265,29,14,29,19,3.8,False,Martes,1,False,invierno
2026-02-11,1,114,56,25,56,42,13.2,False,Miércoles,2,False,invierno
2026-02-11,2,242,34,23,34,24,9.5,False,Miércoles,2,False,invierno
2026-02-11,3,370,23,16,23,18,9.0,False,Miércoles,2,False,invierno
2026-02-11,4,498,78,39,78,49,4.6,False,Miércoles,2,False,invierno
2026-02-11,5,626,38,19,38,28,6.0,False,Miércoles,2,False,invierno
2026-02-11,6,754,27,13,27,17,5.8,False,Miércoles,2,False,invierno
2026-02-11,7,882,37,18,37,23,3.6,False,Miércoles,2,False,invierno
2026-02-11,8,1010,28,12,28,21,14.1,False,Miércoles,2,False,invierno
2026-02-11,9,1138,56,28,56,39,9.7,False,Miércoles,2,False,invierno
2026-02-11,10,1266,25,11,25,14,17.0,False,Miércoles,2,False,invierno
2026-02-12,1,115,49,34,49,27,7.7,False,Jueves,3,False,invierno
2026-02-12,2,243,31,15,31,22,8.9,False,Jueves,3,False,invierno
2026-02-12,3,371,23,16,23,14,6.7,False,Jueves,3,False,invierno
2026-02-12,4,499,60,27,60,34,12.0,False,Jueves,3,False,invierno
2026-02-12,5,627,35,17,35,19,12.8,True,Jueves,3,False,invierno
2026-02-12,6,755,34,17,34,22,10.4,False,Jueves,3,False,invierno
2026-02-12,7,883,32,16,32,19,8.5,True,Jueves,3,False,invierno
2026-02-12,8,1011,26,13,26,15,0.6,False,Jueves,3,False,invierno
2026-02-12,9,1139,51,25,51,39,11.9,False,Jueves,3,False,invierno
2026-02-12,10,1267,26,13,26,15,8.7,False,Jueves,3,False,invierno
2026-02-13,1,116,43,19,43,26,14.6,False,Viernes,4,False,invierno
2026-02-13,2,244,26,18,26,18,5.5,False,Viernes,4,False,invierno
2026-02-13,3,372,23,16,23,16,1.8,False,Viernes,4,False,invierno
2026-02-13,4,500,39,19,39,30,7.3,False,Viernes,4,False,invierno
2026-02-13,5,628,34,23,34,19,4.4,False,Viernes,4,False,invierno
2026-02-13,6,756,21,10,21,13,10.8,False,Viernes,4,False,invierno
2026-02-13,7,884,24,12,24,19,10.2,False,Viernes,4,False,invierno
2026-02-13,8,1012,23,16,23,13,5.9,False,Viernes,4,False,invierno
2026-02-13,9,1140,48,24,48,36,9.8,False,Viernes,4,False,invierno
2026-02-13,10,1268,22,11,22,12,12.6,False,Viernes,4,False,invierno
2026-02-16,1,117,43,30,43,31,8.3,False,Lunes,0,False,invierno
2026-02-16,2,245,36,25,36,24,8.3,False,Lunes,0,False,invierno
2026-02-16,3,373,31,21,31,20,8.3,False,Lunes,0,False,invierno
2026-02-16,4,501,59,29,59,38,9.9,True,Lunes,0,False,invierno
2026-02-16,5,629,43,30,43,33,7.7,False,Lunes,0,False,invierno
2026-02-16,6,757,29,20,29,16,10.4,True,Lunes,0,False,invierno
2026-02-16,7,885,41,28,41,29,11.1,False,Lunes,0,False,invierno
2026-02-16,8,1013,32,22,32,18,8.1,True,Lunes,0,False,invierno
2026-02-16,9,1141,57,39,57,34,6.6,False,Lunes,0,False,invierno
2026-02-16,10,1269,30,21,30,21,9.9,False,Lunes,0,False,invierno
2026-02-17,1,118,58,40,58,45,3.3,False,Martes,1,False,invierno
2026-02-17,2,246,24,12,24,17,7.0,True,Martes,1,False,invierno
2026-02-17,3,374,29,20,29,21,7.2,True,Martes,1,False,invierno
2026-02-17,4,502,78,54,78,58,7.0,False,Martes,1,False,invierno
2026-02-17,5,630,48,33,48,38,3.3,False,Martes,1,False,invierno
2026-02-17,6,758,42,21,42,25,6.7,False,Martes,1,False,invierno
2026-02-17,7,886,39,19,39,30,11.1,False,Martes,1,False,invierno
2026-02-17,8,1014,28,14,28,19,10.4,False,Martes,1,False,invierno
2026-02-17,9,1142,55,27,55,37,9.6,False,Martes,1,False,invierno
2026-02-17,10,1270,26,13,26,17,8.4,False,Martes,1,False,invierno
2026-02-18,1,119,39,27,39,28,8.8,False,Miércoles,2,False,invierno
2026-02-18,2,247,35,24,35,27,5.4,True,Miércoles,2,False,invierno
2026-02-18,3,375,23,16,23,13,5.7,True,Miércoles,2,False,invierno
2026-02-18,4,503,52,26,52,34,12.1,False,Miércoles,2,False,invierno
2026-02-18,5,631,44,22,44,25,7.6,True,Miércoles,2,False,invierno
2026-02-18,6,759,36,18,36,24,9.4,False,Miércoles,2,False,invierno
2026-02-18,7,887,35,17,35,23,6.9,False,Miércoles,2,False,invierno
2026-02-18,8,1015,35,24,35,26,7.3,False,Miércoles,2,False,invierno
2026-02-18,9,1143,54,27,54,42,5.5,True,Miércoles,2,False,invierno
2026-02-18,10,1271,33,23,33,24,11.0,False,Miércoles,2,False,invierno
2026-02-19,1,120,54,37,54,42,4.9,True,Jueves,3,False,invierno
2026-02-19,2,248,24,12,24,13,10.3,False,Jueves,3,False,invierno
2026-02-19,3,376,21,14,21,14,8.9,True,Jueves,3,False,invierno
2026-02-19,4,504,64,44,64,43,6.3,False,Jueves,3,False,invierno
2026-02-19,5,632,45,22,45,31,6.7,False,Jueves,3,False,invierno
2026-02-19,6,760,39,19,39,26,5.8,True,Jueves,3,False,invierno
2026-02-19,7,888,40,20,40,22,3.8,False,Jueves,3,False,invierno
2026-02-19,8,1016,28,14,28,21,12.7,False,Jueves,3,False,invierno
2026-02-19,9,1144,62,31,62,44,6.2,False,Jueves,3,False,invierno
2026-02-19,10,1272,26,13,26,17,6.8,True,Jueves,3,False,invierno
2026-02-20,1,121,33,23,33,22,5.5,True,Viernes,4,False,invierno
2026-02-20,2,249,26,18,26,19,2.1,False,Viernes,4,False,invierno
2026-02-20,3,377,13,9,13,8,11.6,True,Viernes,4,False,invierno
2026-02-20,4,505,38,19,38,29,6.2,True,Viernes,4,False,invierno
2026-02-20,5,633,33,23,33,23,4.0,False,Viernes,4,False,invierno
2026-02-20,6,761,29,14,29,16,9.5,False,Viernes,4,False,invierno
2026-02-20,7,889,19,9,19,14,3.6,False,Viernes,4,False,invierno
2026-02-20,8,1017,21,14,21,15,10.0,False,Viernes,4,False,invierno
2026-02-20,9,1145,46,23,46,31,4.3,False,Viernes,4,False,invierno
2026-02-20,10,1273,26,13,26,19,5.9,False,Viernes,4,False,invierno
2026-02-23,1,122,75,52,75,43,8.2,False,Lunes,0,False,invierno
2026-02-23,2,250,30,21,30,19,10.3,False,Lunes,0,False,invierno
2026-02-23,3,378,22,15,22,16,7.6,False,Lunes,0,False,invierno
2026-02-23,4,506,43,21,43,24,13.7,True,Lunes,0,False,invierno
2026-02-23,5,634,38,26,38,22,3.5,False,Lunes,0,False,invierno
2026-02-23,6,762,27,18,27,21,10.0,True,Lunes,0,False,invierno
2026-02-23,7,890,40,28,40,28,11.3,False,Lunes,0,False,invierno
2026-02-23,8,1018,28,19,28,16,3.2,False,Lunes,0,False,invierno
2026-02-23,9,1146,61,42,61,37,8.8,False,Lunes,0,False,invierno
2026-02-23,10,1274,35,24,35,27,7.1,False,Lunes,0,False,invierno
2026-02-24,1,123,70,49,70,49,7.0,True,Martes,1,False,invierno
2026-02-24,2,251,33,16,33,21,7.2,False,Martes,1,False,invierno
2026-02-24,3,379,21,14,21,15,7.2,False,Martes,1,False,invierno
2026-02-24,4,507,79,55,79,49,9.2,False,Martes,1,False,invierno
2026-02-24,5,635,36,25,36,28,3.1,False,Martes,1,False,invierno
2026-02-24,6,763,30,15,30,17,6.1,False,Martes,1,False,invierno
2026-02-24,7,891,37,18,37,27,7.4,False,Martes,1,False,invierno
2026-02-24,8,1019,36,18,36,20,2.5,False,Martes,1,False,invierno
2026-02-24,9,1147,77,38,77,58,4.7,False,Martes,1,False,invierno
2026-02-24,10,1275,46,23,46,36,7.5,False,Martes,1,False,invierno
2026-02-25,1,124,46,32,46,33,9.8,True,Miércoles,2,False,invierno
2026-02-25,2,252,26,18,26,20,10.1,True,Miércoles,2,False,invierno
2026-02-25,3,380,24,16,24,18,12.1,True,Miércoles,2,False,invierno
2026-02-25,4,508,61,30,61,34,6.9,False,Miércoles,2,False,invierno
2026-02-25,5,636,35,17,35,24,8.3,True,Miércoles,2,False,invierno
2026-02-25,6,764,30,15,30,23,9.4,False,Miércoles,2,False,invierno
2026-02-25,7,892,32,16,32,22,2.3,False,Miércoles,2,False,invierno
2026-02-25,8,1020,33,23,33,20,8.0,True,Miércoles,2,False,invierno
2026-02-25,9,1148,53,26,53,39,7.4,True,Miércoles,2,False,invierno
2026-02-25,10,1276,25,17,25,16,10.6,False,Miércoles,2,False,invierno
2026-02-26,1,125,48,33,48,31,6.3,True,Jueves,3,False,invierno
2026-02-26,2,253,28,14,28,15,7.5,False,Jueves,3,False,invierno
2026-02-26,3,381,19,13,19,10,5.7,False,Jueves,3,False,invierno
2026-02-26,4,509,53,37,53,39,4.1,True,Jueves,3,False,invierno
2026-02-26,5,637,54,27,54,32,7.8,False,Jueves,3,False,invierno
2026-02-26,6,765,28,14,28,21,5.9,True,Jueves,3,False,invierno
2026-02-26,7,893,32,16,32,19,4.0,False,Jueves,3,False,invierno
2026-02-26,8,1021,27,13,27,19,14.0,True,Jueves,3,False,invierno
2026-02-26,9,1149,49,24,49,32,10.9,False,Jueves,3,False,invierno
2026-02-26,10,1277,30,15,30,18,2.1,False,Jueves,3,False,invierno
2026-02-27,1,126,36,25,36,24,8.9,False,Viernes,4,False,invierno
2026-02-27,2,254,28,19,28,15,6.4,False,Viernes,4,False,invierno
2026-02-27,3,382,17,11,17,12,7.5,False,Viernes,4,False,invierno
2026-02-27,4,510,43,21,43,33,9.9,False,Viernes,4,False,invierno
2026-02-27,5,638,35,24,35,21,0.8,False,Viernes,4,False,invierno
2026-02-27,6,766,19,9,19,13,12.2,False,Viernes,4,False,invierno
2026-02-27,7,894,24,12,24,17,7.6,False,Viernes,4,False,invierno
2026-02-27,8,1022,20,14,20,13,9.5,True,Viernes,4,False,invierno
2026-02-27,9,1150,48,24,48,28,6.5,False,Viernes,4,False,invierno
2026-02-27,10,1278,24,12,24,16,5.6,True,Viernes,4,False,invierno
2026-03-02,1,127,58,29,58,32,14.6,False,Lunes,0,False,primavera
2026-03-02,2,255,25,12,25,16,13.8,False,Lunes,0,False,primavera
2026-03-02,3,383,29,14,29,17,9.0,False,Lunes,0,False,primavera
2026-03-02,4,511,45,22,45,25,12.1,False,Lunes,0,False,primavera
2026-03-02,5,639,40,20,40,31,17.2,False,Lunes,0,False,primavera
2026-03-02,6,767,29,14,29,23,13.8,False,Lunes,0,False,primavera
2026-03-02,7,895,31,15,31,21,7.8,False,Lunes,0,False,primavera
2026-03-02,8,1023,34,17,34,22,6.7,False,Lunes,0,False,primavera
2026-03-02,9,1151,55,27,55,39,20.1,False,Lunes,0,False,primavera
2026-03-02,10,1279,21,10,21,14,17.8,True,Lunes,0,False,primavera
2026-03-03,1,128,61,30,61,41,12.3,False,Martes,1,False,primavera
2026-03-03,2,256,34,17,34,26,12.8,False,Martes,1,False,primavera
2026-03-03,3,384,30,15,30,17,12.1,False,Martes,1,False,primavera
2026-03-03,4,512,52,26,52,30,10.3,False,Martes,1,False,primavera
2026-03-03,5,640,29,14,29,19,8.1,False,Martes,1,False,primavera
2026-03-03,6,768,32,16,32,23,13.2,False,Martes,1,False,primavera
2026-03-03,7,896,32,16,32,22,16.7,False,Martes,1,False,primavera
2026-03-03,8,1024,27,13,27,21,5.9,True,Martes,1,False,primavera
2026-03-03,9,1152,69,34,69,52,9.0,False,Martes,1,False,primavera
2026-03-03,10,1280,25,12,25,15,6.2,True,Martes,1,False,primavera
